This is LuaHBTeX, Version 1.24.0 (TeX Live 2026)  (format=lualatex 2026.7.11)  22 JUL 2026 23:23
 restricted system commands enabled.
**index.tex
(./index.tex
LaTeX2e <2026-06-01>
L3 programming layer <2026-06-18>
Lua module: luaotfload 2024-12-03 v3.29 Lua based OpenType font support
Lua module: lualibs 2023-07-13 v2.76 ConTeXt Lua standard libraries.
Lua module: lualibs-extended 2023-07-13 v2.76 ConTeXt Lua libraries -- extended collection.
luaotfload | conf : Root cache directory is "/Users/corrado/Library/TinyTeX/texmf-var/luatex-cache/generic/names".
luaotfload | init : Loading fontloader "fontloader-2023-12-28.lua" from kpse-resolved path "/Users/corrado/Library/TinyTeX/texmf-dist/tex/luatex/luaotfload/fontloader-2023-12-28.lua".
Lua-only attribute luaotfload@noligature = 1
luaotfload | init : Context OpenType loader version 3.134
Inserting `luaotfload.node_processor' in `pre_linebreak_filter'.
Inserting `luaotfload.node_processor' in `hpack_filter'.
Inserting `luaotfload.glyph_stream' in `glyph_stream_provider'.
Inserting `luaotfload.define_font' in `define_font'.
Lua-only attribute luaotfload_color_attribute = 2
luaotfload | conf : Root cache directory is "/Users/corrado/Library/TinyTeX/texmf-var/luatex-cache/generic/names".
Inserting `luaotfload.harf.strip_prefix' in `find_opentype_file'.
Inserting `luaotfload.harf.strip_prefix' in `find_truetype_file'.
Removing  `luaotfload.glyph_stream' from `glyph_stream_provider'.
Inserting `luaotfload.harf.glyphstream' in `glyph_stream_provider'.
Inserting `luaotfload.harf.finalize_vlist' in `post_linebreak_filter'.
Inserting `luaotfload.harf.finalize_hlist' in `hpack_filter'.
Inserting `luaotfload.cleanup_files' in `wrapup_run'.
Inserting `luaotfload.harf.finalize_unicode' in `finish_pdffile'.
Inserting `luaotfload.glyphinfo' in `glyph_info'.
Lua-only attribute luaotfload.letterspace_done = 3
Inserting `luaotfload.aux.set_sscale_dimens' in `luaotfload.patch_font'.
Inserting `luaotfload.aux.set_font_index' in `luaotfload.patch_font'.
Inserting `luaotfload.aux.patch_cambria_domh' in `luaotfload.patch_font'.
Inserting `luaotfload.aux.fixup_fontdata' in `luaotfload.patch_font_unsafe'.
Inserting `luaotfload.aux.set_capheight' in `luaotfload.patch_font'.
Inserting `luaotfload.aux.set_xheight' in `luaotfload.patch_font'.
Inserting `luaotfload.rewrite_fontname' in `luaotfload.patch_font'.
Inserting `tracingstacklevels' in `input_level_string'. (/Users/corrado/Library/TinyTeX/texmf-dist/tex/latex/koma-script/scrbook.cls
Document Class: scrbook 2026/02/02 v3.49.2 KOMA-Script document class (book)
(/Users/corrado/Library/TinyTeX/texmf-dist/tex/latex/koma-script/scrkbase.sty
Package: scrkbase 2026/02/02 v3.49.2 KOMA-Script package (KOMA-Script-dependent basics and keyval usage)
(/Users/corrado/Library/TinyTeX/texmf-dist/tex/latex/koma-script/scrbase.sty
Package: scrbase 2026/02/02 v3.49.2 KOMA-Script package (KOMA-Script-independent basics and keyval usage)
(/Users/corrado/Library/TinyTeX/texmf-dist/tex/latex/koma-script/scrlfile.sty
Package: scrlfile 2026/02/02 v3.49.2 KOMA-Script package (file load hooks)
(/Users/corrado/Library/TinyTeX/texmf-dist/tex/latex/koma-script/scrlfile-hook.sty
Package: scrlfile-hook 2026/02/02 v3.49.2 KOMA-Script package (using LaTeX hooks)
(/Users/corrado/Library/TinyTeX/texmf-dist/tex/latex/koma-script/scrlogo.sty
Package: scrlogo 2026/02/02 v3.49.2 KOMA-Script package (logo)
))) (/Users/corrado/Library/TinyTeX/texmf-dist/tex/latex/graphics/keyval.sty
Package: keyval 2026-05-17 v1.15 key=value parser (DPC)
\KV@toks@=\toks17
)
Applying: [2021/05/01] Usage of raw or classic option list on input line 254.
Already applied: [0000/00/00] Usage of raw or classic option list on input line 370.
)) (/Users/corrado/Library/TinyTeX/texmf-dist/tex/latex/koma-script/tocbasic.sty
Package: tocbasic 2026/02/02 v3.49.2 KOMA-Script package (handling toc-files)
\scr@dte@tocline@numberwidth=\skip49
\scr@dte@tocline@numbox=\box53
)
Package tocbasic Info: omitting babel extension for `toc'
(tocbasic)             because of feature `nobabel' available
(tocbasic)             for `toc' on input line 143.
Package scrbook Info: You've used standard option `11pt'.
(scrbook)             This is correct!
(scrbook)             Internally I'm using `fontsize=11pt'.
(scrbook)             If you'd like to set the option with \KOMAoptions,
(scrbook)             you'd have to use `fontsize=11pt' there
(scrbook)             instead of `11pt', too.
Class scrbook Info: File `scrsize11pt.clo' used to setup font sizes on input line 2713.
(/Users/corrado/Library/TinyTeX/texmf-dist/tex/latex/koma-script/scrsize11pt.clo
File: scrsize11pt.clo 2026/02/02 v3.49.2 KOMA-Script font size class option (11pt)
luaotfload | db : Font names database loaded from /Users/corrado/Library/TinyTeX/texmf-var/luatex-cache/generic/names/luaotfload-names.luc.gz) (/Users/corrado/Library/TinyTeX/texmf-dist/tex/latex/koma-script/typearea.sty
Package: typearea 2026/02/02 v3.49.2 KOMA-Script package (type area)
\ta@bcor=\skip50
\ta@div=\count274
Package typearea Info: You've used standard option `letterpaper'.
(typearea)             This is correct!
(typearea)             Internally I'm using `paper=letter'.
(typearea)             If you'd like to set the option with \KOMAoptions,
(typearea)             you'd have to use `paper=letter' there
(typearea)             instead of `letterpaper', too.
Package typearea Info: You've used standard option `a4paper'.
(typearea)             This is correct!
(typearea)             Internally I'm using `paper=a4'.
(typearea)             If you'd like to set the option with \KOMAoptions,
(typearea)             you'd have to use `paper=a4' there
(typearea)             instead of `a4paper', too.
\ta@hblk=\skip51
\ta@vblk=\skip52
\ta@temp=\skip53
\footheight=\skip54
Package typearea Info: These are the values describing the layout:
(typearea)             DIV  = 10
(typearea)             BCOR = 0.0pt
(typearea)             \paperwidth      = 597.50793pt
(typearea)              \textwidth      = 418.25555pt
(typearea)              DIV departure   = -6%
(typearea)              \evensidemargin = 47.2316pt
(typearea)              \oddsidemargin  = -12.5192pt
(typearea)             \paperheight     = 845.04694pt
(typearea)              \textheight     = 595.80026pt
(typearea)              \topmargin      = -25.16531pt
(typearea)              \headheight     = 17.0pt
(typearea)              \headsep        = 20.40001pt
(typearea)              \topskip        = 11.0pt
(typearea)              \footskip       = 47.6pt
(typearea)              \baselineskip   = 13.6pt
(typearea)              on input line 1810.
)
\c_scrbook_cmdhook_cctab=\catcodetable14
\c@part=\count275
\c@chapter=\count276
\c@section=\count277
\c@subsection=\count278
\c@subsubsection=\count279
\c@paragraph=\count280
\c@subparagraph=\count281
\scr@dte@chapter@maxnumwidth=\skip55
Class scrbook Info: using compatibility default `afterindent=bysign'
(scrbook)           for `\chapter on input line 5945.
\scr@dte@section@maxnumwidth=\skip56
Class scrbook Info: using compatibility default `runin=bysign'
(scrbook)           for `\section on input line 5956.
Class scrbook Info: using compatibility default `afterindent=bysign'
(scrbook)           for `\section on input line 5956.
\scr@dte@part@maxnumwidth=\skip57
Class scrbook Info: using compatibility default `afterindent=true'
(scrbook)           for `\part on input line 5965.
\scr@dte@subsection@maxnumwidth=\skip58
Class scrbook Info: using compatibility default `runin=bysign'
(scrbook)           for `\subsection on input line 5975.
Class scrbook Info: using compatibility default `afterindent=bysign'
(scrbook)           for `\subsection on input line 5975.
\scr@dte@subsubsection@maxnumwidth=\skip59
Class scrbook Info: using compatibility default `runin=bysign'
(scrbook)           for `\subsubsection on input line 5985.
Class scrbook Info: using compatibility default `afterindent=bysign'
(scrbook)           for `\subsubsection on input line 5985.
\scr@dte@paragraph@maxnumwidth=\skip60
Class scrbook Info: using compatibility default `runin=bysign'
(scrbook)           for `\paragraph on input line 5996.
Class scrbook Info: using compatibility default `afterindent=bysign'
(scrbook)           for `\paragraph on input line 5996.
\scr@dte@subparagraph@maxnumwidth=\skip61
Class scrbook Info: using compatibility default `runin=bysign'
(scrbook)           for `\subparagraph on input line 6006.
Class scrbook Info: using compatibility default `afterindent=bysign'
(scrbook)           for `\subparagraph on input line 6006.
\abovecaptionskip=\skip62
\belowcaptionskip=\skip63
\c@pti@nb@sid@b@x=\box54
Package tocbasic Info: omitting babel extension for `lof'
(tocbasic)             because of feature `nobabel' available
(tocbasic)             for `lof' on input line 7242.
\scr@dte@figure@maxnumwidth=\skip64
\c@figure=\count282
Package tocbasic Info: omitting babel extension for `lot'
(tocbasic)             because of feature `nobabel' available
(tocbasic)             for `lot' on input line 7255.
\scr@dte@table@maxnumwidth=\skip65
\c@table=\count283
Class scrbook Info: Redefining `\numberline' on input line 7426.
\bibindent=\dimen149
) (/Users/corrado/Library/TinyTeX/texmf-dist/tex/latex/xcolor/xcolor.sty
Package: xcolor 2024/09/29 v3.02 LaTeX color extensions (UK)
(/Users/corrado/Library/TinyTeX/texmf-dist/tex/latex/graphics-cfg/color.cfg
File: color.cfg 2016/01/02 v1.6 sample color configuration
)
Package xcolor Info: Driver file: luatex.def on input line 274.
(/Users/corrado/Library/TinyTeX/texmf-dist/tex/latex/graphics-def/luatex.def
File: luatex.def 2025/09/29 v1.2f Graphics/color driver for luatex
) (/Users/corrado/Library/TinyTeX/texmf-dist/tex/latex/graphics/mathcolor.ltx)
Package xcolor Info: Model `cmy' substituted by `cmy0' on input line 1349.
Package xcolor Info: Model `hsb' substituted by `rgb' on input line 1353.
Package xcolor Info: Model `RGB' extended on input line 1365.
Package xcolor Info: Model `HTML' substituted by `rgb' on input line 1367.
Package xcolor Info: Model `Hsb' substituted by `hsb' on input line 1368.
Package xcolor Info: Model `tHsb' substituted by `hsb' on input line 1369.
Package xcolor Info: Model `HSB' substituted by `hsb' on input line 1370.
Package xcolor Info: Model `Gray' substituted by `gray' on input line 1371.
Package xcolor Info: Model `wave' substituted by `hsb' on input line 1372.
) (/Users/corrado/Library/TinyTeX/texmf-dist/tex/latex/graphics/dvipsnam.def
File: dvipsnam.def 2026-05-17 v3.0m Driver-dependent file (DPC,SPQR)
) (/Users/corrado/Library/TinyTeX/texmf-dist/tex/latex/xcolor/svgnam.def
File: svgnam.def 2024/09/29 v3.02 Predefined colors according to SVG 1.1 (UK)
) (/Users/corrado/Library/TinyTeX/texmf-dist/tex/latex/xcolor/x11nam.def
File: x11nam.def 2024/09/29 v3.02 Predefined colors according to Unix/X11 (UK)
) (/Users/corrado/Library/TinyTeX/texmf-dist/tex/latex/geometry/geometry.sty
Package: geometry 2026/03/07 v6.0 Page Geometry
(/Users/corrado/Library/TinyTeX/texmf-dist/tex/generic/iftex/ifvtex.sty
Package: ifvtex 2019/10/25 v1.7 ifvtex legacy package. Use iftex instead.
(/Users/corrado/Library/TinyTeX/texmf-dist/tex/generic/iftex/iftex.sty
Package: iftex 2024/12/12 v1.0g TeX engine tests
))
\Gm@cnth=\count284
\Gm@cntv=\count285
\c@Gm@tempcnt=\count286
\Gm@bindingoffset=\dimen150
\Gm@wd@mp=\dimen151
\Gm@odd@mp=\dimen152
\Gm@even@mp=\dimen153
\Gm@layoutwidth=\dimen154
\Gm@layoutheight=\dimen155
\Gm@layouthoffset=\dimen156
\Gm@layoutvoffset=\dimen157
\Gm@dimlist=\toks18
) (/Users/corrado/Library/TinyTeX/texmf-dist/tex/latex/amsmath/amsmath.sty
Package: amsmath 2026/05/19 v2.18d AMS math features
\@mathmargin=\skip66
For additional information on amsmath, use the `?' option.
(/Users/corrado/Library/TinyTeX/texmf-dist/tex/latex/amsmath/amstext.sty
Package: amstext 2024/11/17 v2.01 AMS text
(/Users/corrado/Library/TinyTeX/texmf-dist/tex/latex/amsmath/amsgen.sty
File: amsgen.sty 1999/11/30 v2.0 generic functions
\@emptytoks=\toks19
\ex@=\dimen158
)) (/Users/corrado/Library/TinyTeX/texmf-dist/tex/latex/amsmath/amsbsy.sty
Package: amsbsy 1999/11/29 v1.2d Bold Symbols
\pmbraise@=\dimen159
) (/Users/corrado/Library/TinyTeX/texmf-dist/tex/latex/amsmath/amsopn.sty
Package: amsopn 2022/04/08 v2.04 operator names
)
\inf@bad=\count287
LaTeX Info: Redefining \frac on input line 235.
\uproot@=\count288
\leftroot@=\count289
LaTeX Info: Redefining \overline on input line 398.
LaTeX Info: Redefining \colon on input line 409.
\classnum@=\count290
\DOTSCASE@=\count291
LaTeX Info: Redefining \ldots on input line 495.
LaTeX Info: Redefining \dots on input line 498.
LaTeX Info: Redefining \cdots on input line 619.
\Mathstrutbox@=\box55
\strutbox@=\box56
LaTeX Info: Redefining \big on input line 721.
LaTeX Info: Redefining \Big on input line 722.
LaTeX Info: Redefining \bigg on input line 723.
LaTeX Info: Redefining \Bigg on input line 724.
\big@size=\dimen160
LaTeX Font Info:    Redeclaring font encoding OML on input line 742.
LaTeX Font Info:    Redeclaring font encoding OMS on input line 743.
\macc@depth=\count292
LaTeX Info: Redefining \bmod on input line 904.
LaTeX Info: Redefining \pmod on input line 909.
LaTeX Info: Redefining \smash on input line 939.
LaTeX Info: Redefining \relbar on input line 969.
LaTeX Info: Redefining \Relbar on input line 970.
\c@MaxMatrixCols=\count293
\dotsspace@=\muskip17
\c@parentequation=\count294
\dspbrk@lvl=\count295
\tag@help=\toks20
\row@=\count296
\column@=\count297
\maxfields@=\count298
\andhelp@=\toks21
\eqnshift@=\dimen161
\alignsep@=\dimen162
\tagshift@=\dimen163
\tagwidth@=\dimen164
\totwidth@=\dimen165
\lineht@=\dimen166
\@envbody=\toks22
\multlinegap=\skip67
\multlinetaggap=\skip68
\mathdisplay@stack=\toks23
LaTeX Info: Redefining \[ on input line 2965.
LaTeX Info: Redefining \] on input line 2966.
) (/Users/corrado/Library/TinyTeX/texmf-dist/tex/latex/amsfonts/amssymb.sty
Package: amssymb 2013/01/14 v3.01 AMS font symbols
(/Users/corrado/Library/TinyTeX/texmf-dist/tex/latex/amsfonts/amsfonts.sty
Package: amsfonts 2013/01/14 v3.01 Basic AMSFonts support
\symAMSa=\mathgroup4
\symAMSb=\mathgroup5
LaTeX Font Info:    Redeclaring math symbol \hbar on input line 98.
LaTeX Font Info:    Overwriting math alphabet `\mathfrak' in version `bold'
(Font)                  U/euf/m/n --> U/euf/b/n on input line 106.
)) (/Users/corrado/Library/TinyTeX/texmf-dist/tex/latex/unicode-math/unicode-math.sty (/Users/corrado/Library/TinyTeX/texmf-dist/tex/latex/l3kernel/expl3.sty
Package: expl3 2026-06-18 L3 programming layer (loader) 
(/Users/corrado/Library/TinyTeX/texmf-dist/tex/latex/l3backend/l3backend-luatex.def
File: l3backend-luatex.def 2026-02-18 L3 backend support: PDF output (LuaTeX)
\l__color_backend_stack_int=\count299
Inserting `l3color' in `luaotfload.parse_color'.))
Package: unicode-math 2023/08/13 v0.8r Unicode maths in XeLaTeX and LuaLaTeX
(/Users/corrado/Library/TinyTeX/texmf-dist/tex/latex/unicode-math/unicode-math-luatex.sty
Package: unicode-math-luatex 2023/08/13 v0.8r Unicode maths in XeLaTeX and LuaLaTeX
(/Users/corrado/Library/TinyTeX/texmf-dist/tex/latex/l3packages/xparse/xparse.sty
Package: xparse 2025-10-09 L3 Experimental document command parser
) (/Users/corrado/Library/TinyTeX/texmf-dist/tex/latex/l3packages/l3keys2e/l3keys2e.sty
Package: l3keys2e 2025-10-09 LaTeX2e option processing using LaTeX3 keys
) (/Users/corrado/Library/TinyTeX/texmf-dist/tex/latex/fontspec/fontspec.sty
Package: fontspec 2025/09/29 v2.9g Font selection for XeLaTeX and LuaLaTeX
Lua module: fontspec 2025/09/29 v2.9g Font selection for XeLaTeX and LuaLaTeX (/Users/corrado/Library/TinyTeX/texmf-dist/tex/latex/fontspec/fontspec-luatex.sty
Package: fontspec-luatex 2025/09/29 v2.9g Font selection for XeLaTeX and LuaLaTeX
\l__fontspec_script_int=\count300
\l__fontspec_language_int=\count301
\l__fontspec_strnum_int=\count302
\l__fontspec_tmp_int=\count303
\l__fontspec_tmpa_int=\count304
\l__fontspec_tmpb_int=\count305
\l__fontspec_tmpc_int=\count306
\l__fontspec_em_int=\count307
\l__fontspec_emdef_int=\count308
\l__fontspec_strong_int=\count309
\l__fontspec_strongdef_int=\count310
\l__fontspec_tmpa_dim=\dimen167
\l__fontspec_tmpb_dim=\dimen168
\l__fontspec_tmpc_dim=\dimen169
(/Users/corrado/Library/TinyTeX/texmf-dist/tex/latex/base/fontenc.sty
Package: fontenc 2025/07/18 v2.1d Standard LaTeX package
) (/Users/corrado/Library/TinyTeX/texmf-dist/tex/latex/fontspec/fontspec.cfg))) (/Users/corrado/Library/TinyTeX/texmf-dist/tex/latex/base/fix-cm.sty
Package: fix-cm 2020/11/24 v1.1t fixes to LaTeX
(/Users/corrado/Library/TinyTeX/texmf-dist/tex/latex/base/ts1enc.def
File: ts1enc.def 2001/06/05 v3.0e (jk/car/fm) Standard LaTeX file
LaTeX Font Info:    Redeclaring font encoding TS1 on input line 47.
LaTeX Encoding Info:    Redeclaring text command \capitalcedilla (encoding TS1) on input line 49.
LaTeX Encoding Info:    Redeclaring text command \capitalogonek (encoding TS1) on input line 52.
LaTeX Encoding Info:    Redeclaring text command \capitalgrave (encoding TS1) on input line 55.
LaTeX Encoding Info:    Redeclaring text command \capitalacute (encoding TS1) on input line 56.
LaTeX Encoding Info:    Redeclaring text command \capitalcircumflex (encoding TS1) on input line 57.
LaTeX Encoding Info:    Redeclaring text command \capitaltilde (encoding TS1) on input line 58.
LaTeX Encoding Info:    Redeclaring text command \capitaldieresis (encoding TS1) on input line 59.
LaTeX Encoding Info:    Redeclaring text command \capitalhungarumlaut (encoding TS1) on input line 60.
LaTeX Encoding Info:    Redeclaring text command \capitalring (encoding TS1) on input line 61.
LaTeX Encoding Info:    Redeclaring text command \capitalcaron (encoding TS1) on input line 62.
LaTeX Encoding Info:    Redeclaring text command \capitalbreve (encoding TS1) on input line 63.
LaTeX Encoding Info:    Redeclaring text command \capitalmacron (encoding TS1) on input line 64.
LaTeX Encoding Info:    Redeclaring text command \capitaldotaccent (encoding TS1) on input line 65.
LaTeX Encoding Info:    Redeclaring text command \t (encoding TS1) on input line 66.
LaTeX Encoding Info:    Redeclaring text command \capitaltie (encoding TS1) on input line 67.
LaTeX Encoding Info:    Redeclaring text command \newtie (encoding TS1) on input line 68.
LaTeX Encoding Info:    Redeclaring text command \capitalnewtie (encoding TS1) on input line 69.
LaTeX Encoding Info:    Redeclaring text symbol \textcapitalcompwordmark (encoding TS1) on input line 70.
LaTeX Encoding Info:    Redeclaring text symbol \textascendercompwordmark (encoding TS1) on input line 71.
LaTeX Encoding Info:    Redeclaring text symbol \textquotestraightbase (encoding TS1) on input line 72.
LaTeX Encoding Info:    Redeclaring text symbol \textquotestraightdblbase (encoding TS1) on input line 73.
LaTeX Encoding Info:    Redeclaring text symbol \texttwelveudash (encoding TS1) on input line 74.
LaTeX Encoding Info:    Redeclaring text symbol \textthreequartersemdash (encoding TS1) on input line 75.
LaTeX Encoding Info:    Redeclaring text symbol \textleftarrow (encoding TS1) on input line 76.
LaTeX Encoding Info:    Redeclaring text symbol \textrightarrow (encoding TS1) on input line 77.
LaTeX Encoding Info:    Redeclaring text symbol \textblank (encoding TS1) on input line 78.
LaTeX Encoding Info:    Redeclaring text symbol \textdollar (encoding TS1) on input line 79.
LaTeX Encoding Info:    Redeclaring text symbol \textquotesingle (encoding TS1) on input line 80.
LaTeX Encoding Info:    Redeclaring text command \textasteriskcentered (encoding TS1) on input line 81.
LaTeX Encoding Info:    Redeclaring text symbol \textdblhyphen (encoding TS1) on input line 92.
LaTeX Encoding Info:    Redeclaring text symbol \textfractionsolidus (encoding TS1) on input line 93.
LaTeX Encoding Info:    Redeclaring text symbol \textzerooldstyle (encoding TS1) on input line 94.
LaTeX Encoding Info:    Redeclaring text symbol \textoneoldstyle (encoding TS1) on input line 95.
LaTeX Encoding Info:    Redeclaring text symbol \texttwooldstyle (encoding TS1) on input line 96.
LaTeX Encoding Info:    Redeclaring text symbol \textthreeoldstyle (encoding TS1) on input line 97.
LaTeX Encoding Info:    Redeclaring text symbol \textfouroldstyle (encoding TS1) on input line 98.
LaTeX Encoding Info:    Redeclaring text symbol \textfiveoldstyle (encoding TS1) on input line 99.
LaTeX Encoding Info:    Redeclaring text symbol \textsixoldstyle (encoding TS1) on input line 100.
LaTeX Encoding Info:    Redeclaring text symbol \textsevenoldstyle (encoding TS1) on input line 101.
LaTeX Encoding Info:    Redeclaring text symbol \texteightoldstyle (encoding TS1) on input line 102.
LaTeX Encoding Info:    Redeclaring text symbol \textnineoldstyle (encoding TS1) on input line 103.
LaTeX Encoding Info:    Redeclaring text symbol \textlangle (encoding TS1) on input line 104.
LaTeX Encoding Info:    Redeclaring text symbol \textminus (encoding TS1) on input line 105.
LaTeX Encoding Info:    Redeclaring text symbol \textrangle (encoding TS1) on input line 106.
LaTeX Encoding Info:    Redeclaring text symbol \textmho (encoding TS1) on input line 107.
LaTeX Encoding Info:    Redeclaring text symbol \textbigcircle (encoding TS1) on input line 108.
LaTeX Encoding Info:    Redeclaring text command \textcircled (encoding TS1) on input line 109.
LaTeX Encoding Info:    Redeclaring text symbol \textohm (encoding TS1) on input line 115.
LaTeX Encoding Info:    Redeclaring text symbol \textlbrackdbl (encoding TS1) on input line 116.
LaTeX Encoding Info:    Redeclaring text symbol \textrbrackdbl (encoding TS1) on input line 117.
LaTeX Encoding Info:    Redeclaring text symbol \textuparrow (encoding TS1) on input line 118.
LaTeX Encoding Info:    Redeclaring text symbol \textdownarrow (encoding TS1) on input line 119.
LaTeX Encoding Info:    Redeclaring text symbol \textasciigrave (encoding TS1) on input line 120.
LaTeX Encoding Info:    Redeclaring text symbol \textborn (encoding TS1) on input line 121.
LaTeX Encoding Info:    Redeclaring text symbol \textdivorced (encoding TS1) on input line 122.
LaTeX Encoding Info:    Redeclaring text symbol \textdied (encoding TS1) on input line 123.
LaTeX Encoding Info:    Redeclaring text symbol \textleaf (encoding TS1) on input line 124.
LaTeX Encoding Info:    Redeclaring text symbol \textmarried (encoding TS1) on input line 125.
LaTeX Encoding Info:    Redeclaring text symbol \textmusicalnote (encoding TS1) on input line 126.
LaTeX Encoding Info:    Redeclaring text symbol \texttildelow (encoding TS1) on input line 127.
LaTeX Encoding Info:    Redeclaring text symbol \textdblhyphenchar (encoding TS1) on input line 128.
LaTeX Encoding Info:    Redeclaring text symbol \textasciibreve (encoding TS1) on input line 129.
LaTeX Encoding Info:    Redeclaring text symbol \textasciicaron (encoding TS1) on input line 130.
LaTeX Encoding Info:    Redeclaring text symbol \textacutedbl (encoding TS1) on input line 131.
LaTeX Encoding Info:    Redeclaring text symbol \textgravedbl (encoding TS1) on input line 132.
LaTeX Encoding Info:    Redeclaring text symbol \textdagger (encoding TS1) on input line 133.
LaTeX Encoding Info:    Redeclaring text symbol \textdaggerdbl (encoding TS1) on input line 134.
LaTeX Encoding Info:    Redeclaring text symbol \textbardbl (encoding TS1) on input line 135.
LaTeX Encoding Info:    Redeclaring text symbol \textperthousand (encoding TS1) on input line 136.
LaTeX Encoding Info:    Redeclaring text symbol \textbullet (encoding TS1) on input line 137.
LaTeX Encoding Info:    Redeclaring text symbol \textcelsius (encoding TS1) on input line 138.
LaTeX Encoding Info:    Redeclaring text symbol \textdollaroldstyle (encoding TS1) on input line 139.
LaTeX Encoding Info:    Redeclaring text symbol \textcentoldstyle (encoding TS1) on input line 140.
LaTeX Encoding Info:    Redeclaring text symbol \textflorin (encoding TS1) on input line 141.
LaTeX Encoding Info:    Redeclaring text symbol \textcolonmonetary (encoding TS1) on input line 142.
LaTeX Encoding Info:    Redeclaring text symbol \textwon (encoding TS1) on input line 143.
LaTeX Encoding Info:    Redeclaring text symbol \textnaira (encoding TS1) on input line 144.
LaTeX Encoding Info:    Redeclaring text symbol \textguarani (encoding TS1) on input line 145.
LaTeX Encoding Info:    Redeclaring text symbol \textpeso (encoding TS1) on input line 146.
LaTeX Encoding Info:    Redeclaring text symbol \textlira (encoding TS1) on input line 147.
LaTeX Encoding Info:    Redeclaring text symbol \textrecipe (encoding TS1) on input line 148.
LaTeX Encoding Info:    Redeclaring text symbol \textinterrobang (encoding TS1) on input line 149.
LaTeX Encoding Info:    Redeclaring text symbol \textinterrobangdown (encoding TS1) on input line 150.
LaTeX Encoding Info:    Redeclaring text symbol \textdong (encoding TS1) on input line 151.
LaTeX Encoding Info:    Redeclaring text symbol \texttrademark (encoding TS1) on input line 152.
LaTeX Encoding Info:    Redeclaring text symbol \textpertenthousand (encoding TS1) on input line 153.
LaTeX Encoding Info:    Redeclaring text symbol \textpilcrow (encoding TS1) on input line 154.
LaTeX Encoding Info:    Redeclaring text symbol \textbaht (encoding TS1) on input line 155.
LaTeX Encoding Info:    Redeclaring text symbol \textnumero (encoding TS1) on input line 156.
LaTeX Encoding Info:    Redeclaring text symbol \textdiscount (encoding TS1) on input line 157.
LaTeX Encoding Info:    Redeclaring text symbol \textestimated (encoding TS1) on input line 158.
LaTeX Encoding Info:    Redeclaring text symbol \textopenbullet (encoding TS1) on input line 159.
LaTeX Encoding Info:    Redeclaring text symbol \textservicemark (encoding TS1) on input line 160.
LaTeX Encoding Info:    Redeclaring text symbol \textlquill (encoding TS1) on input line 161.
LaTeX Encoding Info:    Redeclaring text symbol \textrquill (encoding TS1) on input line 162.
LaTeX Encoding Info:    Redeclaring text symbol \textcent (encoding TS1) on input line 163.
LaTeX Encoding Info:    Redeclaring text symbol \textsterling (encoding TS1) on input line 164.
LaTeX Encoding Info:    Redeclaring text symbol \textcurrency (encoding TS1) on input line 165.
LaTeX Encoding Info:    Redeclaring text symbol \textyen (encoding TS1) on input line 166.
LaTeX Encoding Info:    Redeclaring text symbol \textbrokenbar (encoding TS1) on input line 167.
LaTeX Encoding Info:    Redeclaring text symbol \textsection (encoding TS1) on input line 168.
LaTeX Encoding Info:    Redeclaring text symbol \textasciidieresis (encoding TS1) on input line 169.
LaTeX Encoding Info:    Redeclaring text symbol \textcopyright (encoding TS1) on input line 170.
LaTeX Encoding Info:    Redeclaring text symbol \textordfeminine (encoding TS1) on input line 171.
LaTeX Encoding Info:    Redeclaring text symbol \textcopyleft (encoding TS1) on input line 172.
LaTeX Encoding Info:    Redeclaring text symbol \textlnot (encoding TS1) on input line 173.
LaTeX Encoding Info:    Redeclaring text symbol \textcircledP (encoding TS1) on input line 174.
LaTeX Encoding Info:    Redeclaring text symbol \textregistered (encoding TS1) on input line 175.
LaTeX Encoding Info:    Redeclaring text symbol \textasciimacron (encoding TS1) on input line 176.
LaTeX Encoding Info:    Redeclaring text symbol \textdegree (encoding TS1) on input line 177.
LaTeX Encoding Info:    Redeclaring text symbol \textpm (encoding TS1) on input line 178.
LaTeX Encoding Info:    Redeclaring text symbol \texttwosuperior (encoding TS1) on input line 179.
LaTeX Encoding Info:    Redeclaring text symbol \textthreesuperior (encoding TS1) on input line 180.
LaTeX Encoding Info:    Redeclaring text symbol \textasciiacute (encoding TS1) on input line 181.
LaTeX Encoding Info:    Redeclaring text symbol \textmu (encoding TS1) on input line 182.
LaTeX Encoding Info:    Redeclaring text symbol \textparagraph (encoding TS1) on input line 183.
LaTeX Encoding Info:    Redeclaring text symbol \textperiodcentered (encoding TS1) on input line 184.
LaTeX Encoding Info:    Redeclaring text symbol \textreferencemark (encoding TS1) on input line 185.
LaTeX Encoding Info:    Redeclaring text symbol \textonesuperior (encoding TS1) on input line 186.
LaTeX Encoding Info:    Redeclaring text symbol \textordmasculine (encoding TS1) on input line 187.
LaTeX Encoding Info:    Redeclaring text symbol \textsurd (encoding TS1) on input line 188.
LaTeX Encoding Info:    Redeclaring text symbol \textonequarter (encoding TS1) on input line 189.
LaTeX Encoding Info:    Redeclaring text symbol \textonehalf (encoding TS1) on input line 190.
LaTeX Encoding Info:    Redeclaring text symbol \textthreequarters (encoding TS1) on input line 191.
LaTeX Encoding Info:    Redeclaring text symbol \texteuro (encoding TS1) on input line 192.
LaTeX Encoding Info:    Redeclaring text symbol \texttimes (encoding TS1) on input line 193.
LaTeX Encoding Info:    Redeclaring text symbol \textdiv (encoding TS1) on input line 194.
)) (/Users/corrado/Library/TinyTeX/texmf-dist/tex/lualatex/lualatex-math/lualatex-math.sty
Package: lualatex-math 2022/01/01 v1.12 Patches for mathematics typesetting with LuaLaTeX
(/Users/corrado/Library/TinyTeX/texmf-dist/tex/latex/etoolbox/etoolbox.sty
Package: etoolbox 2025/10/02 v2.5m e-TeX tools for LaTeX (JAW)
\etb@tempcnta=\count311
)
Lua module: lualatex-math 2013/08/03 v1.3 Patches for mathematics typesetting with LuaLaTeX)
\g__um_fam_int=\count312
\g__um_fonts_used_int=\count313
\l__um_primecount_int=\count314
\g__um_primekern_muskip=\muskip18
(/Users/corrado/Library/TinyTeX/texmf-dist/tex/latex/unicode-math/unicode-math-table.tex))) (/Users/corrado/Library/TinyTeX/texmf-dist/tex/latex/lm/lmodern.sty
Package: lmodern 2015/05/01 v1.6.1 Latin Modern Fonts
LaTeX Font Info:    Overwriting symbol font `operators' in version `normal'
(Font)                  OT1/cmr/m/n --> OT1/lmr/m/n on input line 22.
LaTeX Font Info:    Overwriting symbol font `letters' in version `normal'
(Font)                  OML/cmm/m/it --> OML/lmm/m/it on input line 23.
LaTeX Font Info:    Overwriting symbol font `symbols' in version `normal'
(Font)                  OMS/cmsy/m/n --> OMS/lmsy/m/n on input line 24.
LaTeX Font Info:    Overwriting symbol font `largesymbols' in version `normal'
(Font)                  OMX/cmex/m/n --> OMX/lmex/m/n on input line 25.
LaTeX Font Info:    Overwriting symbol font `operators' in version `bold'
(Font)                  OT1/cmr/bx/n --> OT1/lmr/bx/n on input line 26.
LaTeX Font Info:    Overwriting symbol font `letters' in version `bold'
(Font)                  OML/cmm/b/it --> OML/lmm/b/it on input line 27.
LaTeX Font Info:    Overwriting symbol font `symbols' in version `bold'
(Font)                  OMS/cmsy/b/n --> OMS/lmsy/b/n on input line 28.
LaTeX Font Info:    Overwriting symbol font `largesymbols' in version `bold'
(Font)                  OMX/cmex/m/n --> OMX/lmex/m/n on input line 29.
LaTeX Font Info:    Overwriting math alphabet `\mathbf' in version `normal'
(Font)                  OT1/cmr/bx/n --> OT1/lmr/bx/n on input line 31.
LaTeX Font Info:    Overwriting math alphabet `\mathsf' in version `normal'
(Font)                  OT1/cmss/m/n --> OT1/lmss/m/n on input line 32.
LaTeX Font Info:    Overwriting math alphabet `\mathit' in version `normal'
(Font)                  OT1/cmr/m/it --> OT1/lmr/m/it on input line 33.
LaTeX Font Info:    Overwriting math alphabet `\mathtt' in version `normal'
(Font)                  OT1/cmtt/m/n --> OT1/lmtt/m/n on input line 34.
LaTeX Font Info:    Overwriting math alphabet `\mathbf' in version `bold'
(Font)                  OT1/cmr/bx/n --> OT1/lmr/bx/n on input line 35.
LaTeX Font Info:    Overwriting math alphabet `\mathsf' in version `bold'
(Font)                  OT1/cmss/bx/n --> OT1/lmss/bx/n on input line 36.
LaTeX Font Info:    Overwriting math alphabet `\mathit' in version `bold'
(Font)                  OT1/cmr/bx/it --> OT1/lmr/bx/it on input line 37.
LaTeX Font Info:    Overwriting math alphabet `\mathtt' in version `bold'
(Font)                  OT1/cmtt/m/n --> OT1/lmtt/m/n on input line 38.
)
luaotfload | cache : Lookup cache loaded from /Users/corrado/Library/TinyTeX/texmf-var/luatex-cache/generic/names/luaotfload-lookup-cache.luc.

Package fontspec Info: 
(fontspec)             Libertinus Serif scale = 1.004661224781475.


Package fontspec Info: 
(fontspec)             Libertinus Serif scale = 1.


Package fontspec Info: 
(fontspec)             Libertinus Serif scale = 1.004661224781475.


Package fontspec Info: 
(fontspec)             Libertinus Serif scale = 1.


Package fontspec Info: 
(fontspec)             Libertinus Serif scale = 1.004661224781475.


Package fontspec Info: 
(fontspec)             Libertinus Serif scale = 1.


Package fontspec Info: 
(fontspec)             Libertinus Serif/B scale = 0.9953786245293341.


Package fontspec Info: 
(fontspec)             Libertinus Serif/B scale = 1.


Package fontspec Info: 
(fontspec)             Libertinus Serif/B scale = 0.9953786245293341.


Package fontspec Info: 
(fontspec)             Libertinus Serif/B scale = 1.


Package fontspec Info: 
(fontspec)             Libertinus Serif/I scale = 1.004661224781475.


Package fontspec Info: 
(fontspec)             Libertinus Serif/I scale = 1.


Package fontspec Info: 
(fontspec)             Libertinus Serif/I scale = 1.004661224781475.


Package fontspec Info: 
(fontspec)             Libertinus Serif/I scale = 1.


Package fontspec Info: 
(fontspec)             Libertinus Serif/BI scale = 1.004661224781475.


Package fontspec Info: 
(fontspec)             Libertinus Serif/BI scale = 1.


Package fontspec Info: 
(fontspec)             Libertinus Serif/BI scale = 1.004661224781475.


Package fontspec Info: 
(fontspec)             Libertinus Serif/BI scale = 1.


Package fontspec Info: 
(fontspec)             Font family 'LibertinusSerif(0)' created for font
(fontspec)             'Libertinus Serif' with options
(fontspec)             [Scale=MatchLowercase,Ligatures=TeX,Scale=1].
(fontspec)              
(fontspec)              This font family consists of the following NFSS
(fontspec)             series/shapes:
(fontspec)              
(fontspec)             - 'normal' (m/n) with NFSS spec.:
(fontspec)             <->s*[1]"name:Libertinus
(fontspec)             Serif:mode=node;script=latn;language=dflt;+tlig;"
(fontspec)             - 'small caps'  (m/sc) with NFSS spec.:
(fontspec)             <->s*[1]"name:Libertinus
(fontspec)             Serif:mode=node;script=latn;language=dflt;+tlig;+smcp;"
(fontspec)             - 'bold' (b/n) with NFSS spec.:
(fontspec)             <->s*[1]"name:Libertinus
(fontspec)             Serif/B:mode=node;script=latn;language=dflt;+tlig;"
(fontspec)             - 'bold small caps'  (b/sc) with NFSS spec.:
(fontspec)             <->s*[1]"name:Libertinus
(fontspec)             Serif/B:mode=node;script=latn;language=dflt;+tlig;+smcp;"
(fontspec)             - 'italic' (m/it) with NFSS spec.:
(fontspec)             <->s*[1]"name:Libertinus
(fontspec)             Serif/I:mode=node;script=latn;language=dflt;+tlig;"
(fontspec)             - 'italic small caps'  (m/scit) with NFSS spec.:
(fontspec)             <->s*[1]"name:Libertinus
(fontspec)             Serif/I:mode=node;script=latn;language=dflt;+tlig;+smcp;"
(fontspec)             - 'bold italic' (b/it) with NFSS spec.:
(fontspec)             <->s*[1]"name:Libertinus
(fontspec)             Serif/BI:mode=node;script=latn;language=dflt;+tlig;"
(fontspec)             - 'bold italic small caps'  (b/scit) with NFSS spec.:
(fontspec)             <->s*[1]"name:Libertinus
(fontspec)             Serif/BI:mode=node;script=latn;language=dflt;+tlig;+smcp;"

LaTeX Font Info:    Font shape `TU/LibertinusSerif(0)/m/n' will be
(Font)              scaled to size 10.95pt on input line 31.

Package fontspec Info: 
(fontspec)             Libertinus Serif scale = 1.


Package fontspec Info: 
(fontspec)             Libertinus Serif scale = 1.


Package fontspec Info: 
(fontspec)             Libertinus Serif scale = 1.


Package fontspec Info: 
(fontspec)             Libertinus Serif/B scale = 0.990760467286712.


Package fontspec Info: 
(fontspec)             Libertinus Serif/B scale = 0.990760467286712.


Package fontspec Info: 
(fontspec)             Libertinus Serif/I scale = 1.


Package fontspec Info: 
(fontspec)             Libertinus Serif/I scale = 1.


Package fontspec Info: 
(fontspec)             Libertinus Serif/BI scale = 1.


Package fontspec Info: 
(fontspec)             Libertinus Serif/BI scale = 1.


Package fontspec Info: 
(fontspec)             Font family 'LibertinusSerif(1)' created for font
(fontspec)             'Libertinus Serif' with options
(fontspec)             [Scale=MatchLowercase,Renderer=Basic].
(fontspec)              
(fontspec)              This font family consists of the following NFSS
(fontspec)             series/shapes:
(fontspec)              
(fontspec)             - 'normal' (m/n) with NFSS spec.:
(fontspec)             <->s*[1]"name:Libertinus
(fontspec)             Serif:mode=base;script=latn;language=dflt;"
(fontspec)             - 'small caps'  (m/sc) with NFSS spec.:
(fontspec)             <->s*[1]"name:Libertinus
(fontspec)             Serif:mode=base;script=latn;language=dflt;+smcp;"
(fontspec)             - 'bold' (b/n) with NFSS spec.:
(fontspec)             <->s*[0.990760467286712]"name:Libertinus
(fontspec)             Serif/B:mode=base;script=latn;language=dflt;"
(fontspec)             - 'bold small caps'  (b/sc) with NFSS spec.:
(fontspec)             <->s*[0.990760467286712]"name:Libertinus
(fontspec)             Serif/B:mode=base;script=latn;language=dflt;+smcp;"
(fontspec)             - 'italic' (m/it) with NFSS spec.:
(fontspec)             <->s*[1]"name:Libertinus
(fontspec)             Serif/I:mode=base;script=latn;language=dflt;"
(fontspec)             - 'italic small caps'  (m/scit) with NFSS spec.:
(fontspec)             <->s*[1]"name:Libertinus
(fontspec)             Serif/I:mode=base;script=latn;language=dflt;+smcp;"
(fontspec)             - 'bold italic' (b/it) with NFSS spec.:
(fontspec)             <->s*[1]"name:Libertinus
(fontspec)             Serif/BI:mode=base;script=latn;language=dflt;"
(fontspec)             - 'bold italic small caps'  (b/scit) with NFSS spec.:
(fontspec)             <->s*[1]"name:Libertinus
(fontspec)             Serif/BI:mode=base;script=latn;language=dflt;+smcp;"

LaTeX Font Info:    Overwriting math alphabet `\mathrm' in version `normal'
(Font)                  OT1/lmr/m/n --> TU/LibertinusSerif(1)/m/n on input line 31.
LaTeX Font Info:    Overwriting math alphabet `\mathit' in version `normal'
(Font)                  OT1/lmr/m/it --> TU/LibertinusSerif(1)/m/it on input line 31.
LaTeX Font Info:    Overwriting math alphabet `\mathbf' in version `normal'
(Font)                  OT1/lmr/bx/n --> TU/LibertinusSerif(1)/b/n on input line 31.

Package fontspec Info: 
(fontspec)             Libertinus Sans scale = 0.9326064960951938.


Package fontspec Info: 
(fontspec)             Could not resolve font "Libertinus Sans/BI" (it
(fontspec)             probably doesn't exist).


Package fontspec Info: 
(fontspec)             Libertinus Sans scale = 0.9326064960951938.


Package fontspec Info: 
(fontspec)             Libertinus Sans scale = 0.9326064960951938.


Package fontspec Info: 
(fontspec)             Libertinus Sans/B scale = 1.


Package fontspec Info: 
(fontspec)             Libertinus Sans/B scale = 1.


Package fontspec Info: 
(fontspec)             Libertinus Sans/I scale = 1.


Package fontspec Info: 
(fontspec)             Libertinus Sans/I scale = 1.


Package fontspec Info: 
(fontspec)             Font family 'LibertinusSans(0)' created for font
(fontspec)             'Libertinus Sans' with options
(fontspec)             [Scale=MatchLowercase,Ligatures=TeX].
(fontspec)              
(fontspec)              This font family consists of the following NFSS
(fontspec)             series/shapes:
(fontspec)              
(fontspec)             - 'normal' (m/n) with NFSS spec.:
(fontspec)             <->s*[0.9326064960951938]"name:Libertinus
(fontspec)             Sans:mode=node;script=latn;language=dflt;+tlig;"
(fontspec)             - 'small caps'  (m/sc) with NFSS spec.:
(fontspec)             <->s*[0.9326064960951938]"name:Libertinus
(fontspec)             Sans:mode=node;script=latn;language=dflt;+tlig;+smcp;"
(fontspec)             - 'bold' (b/n) with NFSS spec.:
(fontspec)             <->s*[1]"name:Libertinus
(fontspec)             Sans/B:mode=node;script=latn;language=dflt;+tlig;"
(fontspec)             - 'bold small caps'  (b/sc) with NFSS spec.:
(fontspec)             <->s*[1]"name:Libertinus
(fontspec)             Sans/B:mode=node;script=latn;language=dflt;+tlig;+smcp;"
(fontspec)             - 'italic' (m/it) with NFSS spec.:
(fontspec)             <->s*[1]"name:Libertinus
(fontspec)             Sans/I:mode=node;script=latn;language=dflt;+tlig;"
(fontspec)             - 'italic small caps'  (m/scit) with NFSS spec.:
(fontspec)             <->s*[1]"name:Libertinus
(fontspec)             Sans/I:mode=node;script=latn;language=dflt;+tlig;+smcp;"


Package fontspec Info: 
(fontspec)             Libertinus Sans scale = 0.9326064960951938.


Package fontspec Info: 
(fontspec)             Could not resolve font "Libertinus Sans/BI" (it
(fontspec)             probably doesn't exist).


Package fontspec Info: 
(fontspec)             Libertinus Sans scale = 0.9326064960951938.


Package fontspec Info: 
(fontspec)             Libertinus Sans scale = 0.9326064960951938.


Package fontspec Info: 
(fontspec)             Libertinus Sans/B scale = 1.


Package fontspec Info: 
(fontspec)             Libertinus Sans/B scale = 1.


Package fontspec Info: 
(fontspec)             Libertinus Sans/I scale = 1.


Package fontspec Info: 
(fontspec)             Libertinus Sans/I scale = 1.


Package fontspec Info: 
(fontspec)             Font family 'LibertinusSans(1)' created for font
(fontspec)             'Libertinus Sans' with options
(fontspec)             [Scale=MatchLowercase,Renderer=Basic].
(fontspec)              
(fontspec)              This font family consists of the following NFSS
(fontspec)             series/shapes:
(fontspec)              
(fontspec)             - 'normal' (m/n) with NFSS spec.:
(fontspec)             <->s*[0.9326064960951938]"name:Libertinus
(fontspec)             Sans:mode=base;script=latn;language=dflt;"
(fontspec)             - 'small caps'  (m/sc) with NFSS spec.:
(fontspec)             <->s*[0.9326064960951938]"name:Libertinus
(fontspec)             Sans:mode=base;script=latn;language=dflt;+smcp;"
(fontspec)             - 'bold' (b/n) with NFSS spec.:
(fontspec)             <->s*[1]"name:Libertinus
(fontspec)             Sans/B:mode=base;script=latn;language=dflt;"
(fontspec)             - 'bold small caps'  (b/sc) with NFSS spec.:
(fontspec)             <->s*[1]"name:Libertinus
(fontspec)             Sans/B:mode=base;script=latn;language=dflt;+smcp;"
(fontspec)             - 'italic' (m/it) with NFSS spec.:
(fontspec)             <->s*[1]"name:Libertinus
(fontspec)             Sans/I:mode=base;script=latn;language=dflt;"
(fontspec)             - 'italic small caps'  (m/scit) with NFSS spec.:
(fontspec)             <->s*[1]"name:Libertinus
(fontspec)             Sans/I:mode=base;script=latn;language=dflt;+smcp;"

LaTeX Font Info:    Overwriting math alphabet `\mathsf' in version `normal'
(Font)                  OT1/lmss/m/n --> TU/LibertinusSans(1)/m/n on input line 32.
LaTeX Font Info:    Overwriting math alphabet `\mathsf' in version `bold'
(Font)                  OT1/lmss/bx/n --> TU/LibertinusSans(1)/b/n on input line 32.
(/Users/corrado/Library/TinyTeX/texmf-dist/tex/latex/upquote/upquote.sty
Package: upquote 2012/04/19 v1.3 upright-quote and grave-accent glyphs in verbatim
(/Users/corrado/Library/TinyTeX/texmf-dist/tex/latex/base/textcomp.sty
Package: textcomp 2024/04/24 v2.1b Standard LaTeX package
)) (/Users/corrado/Library/TinyTeX/texmf-dist/tex/latex/microtype/microtype.sty
Package: microtype 2026/03/01 v3.2d Micro-typographical refinements (RS)
\MT@toks=\toks24
\MT@tempbox=\box57
\MT@count=\count315
LaTeX Info: Redefining \noprotrusionifhmode on input line 1084.
LaTeX Info: Redefining \leftprotrusion on input line 1085.
\MT@prot@toks=\toks25
LaTeX Info: Redefining \rightprotrusion on input line 1104.
LaTeX Info: Redefining \textls on input line 1449.
\MT@outer@kern=\dimen170
LaTeX Info: Redefining \microtypecontext on input line 2053.
LaTeX Info: Redefining \textmicrotypecontext on input line 2070.
\MT@listname@count=\count316
(/Users/corrado/Library/TinyTeX/texmf-dist/tex/latex/microtype/microtype-luatex.def
File: microtype-luatex.def 2026/03/01 v3.2d Definitions specific to luatex (RS)
Lua module: microtype 2026/03/01 v3.2d microtype module.
Module microtype Info: overwriting function `keepligature' on input line 63
LaTeX Info: Redefining \lsstyle on input line 779.
LaTeX Info: Redefining \lslig on input line 779.
\MT@outer@space=\skip69
)
Package microtype Info: Loading configuration file microtype.cfg.
(/Users/corrado/Library/TinyTeX/texmf-dist/tex/latex/microtype/microtype.cfg
File: microtype.cfg 2026/03/01 v3.2d microtype main configuration file (RS)
)
LaTeX Info: Redefining \microtypesetup on input line 3065.
) (/Users/corrado/Library/TinyTeX/texmf-dist/tex/latex/fancyvrb/fancyvrb.sty
Package: fancyvrb 2026/04/16 4.6a verbatim text (tvz,hv)
\FV@CodeLineNo=\count317
\FV@InFile=\read2
\FV@TabBox=\box58
\c@FancyVerbLine=\count318
\FV@StepNumber=\count319
\FV@OutFile=\write3
) (/Users/corrado/Library/TinyTeX/texmf-dist/tex/latex/framed/framed.sty
Package: framed 2011/10/22 v 0.96: framed or shaded text with page breaks
\OuterFrameSep=\skip70
\fb@frw=\dimen171
\fb@frh=\dimen172
\FrameRule=\dimen173
\FrameSep=\dimen174
) (/Users/corrado/Library/TinyTeX/texmf-dist/tex/latex/tools/longtable.sty
Package: longtable 2026-01-28 v4.27 Multi-page Table package (DPC)
\LTleft=\skip71
\LTright=\skip72
\LTpre=\skip73
\LTpost=\skip74
\LTchunksize=\count320
\LTcapwidth=\dimen175
\LT@head=\box59
\LT@firsthead=\box60
\LT@foot=\box61
\LT@lastfoot=\box62
\LT@gbox=\box63
\LT@cols=\count321
\LT@rows=\count322
\c@LT@tables=\count323
\c@LT@chunks=\count324
\LT@p@ftn=\toks26
)
Class scrbook Info: longtable captions redefined on input line 115.
(/Users/corrado/Library/TinyTeX/texmf-dist/tex/latex/booktabs/booktabs.sty
Package: booktabs 2020/01/12 v1.61803398 Publication quality tables
\heavyrulewidth=\dimen176
\lightrulewidth=\dimen177
\cmidrulewidth=\dimen178
\belowrulesep=\dimen179
\belowbottomsep=\dimen180
\aboverulesep=\dimen181
\abovetopsep=\dimen182
\cmidrulesep=\dimen183
\cmidrulekern=\dimen184
\defaultaddspace=\dimen185
\@cmidla=\count325
\@cmidlb=\count326
\@aboverulesep=\dimen186
\@belowrulesep=\dimen187
\@thisruleclass=\count327
\@lastruleclass=\count328
\@thisrulewidth=\dimen188
) (/Users/corrado/Library/TinyTeX/texmf-dist/tex/latex/tools/array.sty
Package: array 2026/02/24 v2.7b Tabular extension package (FMi)
\col@sep=\dimen189
\ar@mcellbox=\box64
\extrarowheight=\dimen190
\NC@list=\toks27
\extratabsurround=\skip75
\backup@length=\skip76
\ar@cellbox=\box65
)
\c@none=\count329
(/Users/corrado/Library/TinyTeX/texmf-dist/tex/latex/tools/calc.sty
Package: calc 2025/03/01 v4.3b Infix arithmetic (KKT,FJ)
\calc@Acount=\count330
\calc@Bcount=\count331
\calc@Adimen=\dimen191
\calc@Bdimen=\dimen192
\calc@Askip=\skip77
\calc@Bskip=\skip78
LaTeX Info: Redefining \setlength on input line 86.
LaTeX Info: Redefining \addtolength on input line 87.
\calc@Ccount=\count332
\calc@Cskip=\skip79
) (/Users/corrado/Library/TinyTeX/texmf-dist/tex/latex/mdwtools/footnote.sty
Package: footnote 1997/01/28 1.13 Save footnotes around boxes
\fn@notes=\box66
\fn@width=\dimen193
) (/Users/corrado/Library/TinyTeX/texmf-dist/tex/latex/graphics/graphicx.sty
Package: graphicx 2026-05-17 v1.2e Enhanced LaTeX Graphics (DPC,SPQR)
(/Users/corrado/Library/TinyTeX/texmf-dist/tex/latex/graphics/graphics.sty
Package: graphics 2026-05-17 v1.4h Standard LaTeX Graphics (DPC,SPQR)
(/Users/corrado/Library/TinyTeX/texmf-dist/tex/latex/graphics/trig.sty
Package: trig 2023/12/02 v1.11 sin cos tan (DPC)
) (/Users/corrado/Library/TinyTeX/texmf-dist/tex/latex/graphics-cfg/graphics.cfg
File: graphics.cfg 2016/06/04 v1.11 sample graphics configuration
)
Package graphics Info: Driver file: luatex.def on input line 106.
)
\Gin@req@height=\dimen194
\Gin@req@width=\dimen195
)
\pandoc@box=\box67
\cslhangindent=\skip80
\csllabelwidth=\skip81
(/Users/corrado/Library/TinyTeX/texmf-dist/tex/generic/babel/babel.sty
Package: babel 2026/06/14 v26.9 The multilingual framework for LuaLaTeX, pdfLaTeX and XeLaTeX
(/Users/corrado/Library/TinyTeX/texmf-dist/tex/generic/babel/luababel.def
\bbl@readstream=\read3
\l@dumylang=\language2
Package babel Info: Non-standard hyphenation setup on input line 118.
\l@nohyphenation=\language3
\l@ukenglish=\language4
\l@usenglishmax=\language5
\l@french=\language6
\l@italian=\language7
\babelcatcodetablenum=\catcodetable15
\bbl@pattcodes=\catcodetable16
)
\babel@savecnt=\count333
LaTeX Encoding Info:    Redeclaring text command \ij (encoding OT1) on input line 2084.
LaTeX Encoding Info:    Redeclaring text command \IJ (encoding OT1) on input line 2086.
LaTeX Encoding Info:    Redeclaring text command \ij (encoding T1) on input line 2088.
LaTeX Encoding Info:    Redeclaring text command \IJ (encoding T1) on input line 2089.
LaTeX Encoding Info:    Ignoring declaration for text command \ij (encoding ?) on input line 2090.
LaTeX Encoding Info:    Ignoring declaration for text command \IJ (encoding ?) on input line 2092.
LaTeX Encoding Info:    Ignoring declaration for text command \SS (encoding ?) on input line 2117.
\U@D=\dimen196
\l@unhyphenated=\language8
(/Users/corrado/Library/TinyTeX/texmf-dist/tex/generic/babel/luababel.def
\bbl@attr@locale=\attribute4
(/Users/corrado/Library/TinyTeX/texmf-dist/tex/luatex/luatexbase/luatexbase.sty
Package: luatexbase 2015/10/04 v1.3 luatexbase interface to LuaTeX 
(/Users/corrado/Library/TinyTeX/texmf-dist/tex/luatex/ctablestack/ctablestack.sty
Package: ctablestack 2015/10/01 v1.0 Catcode table stable support
\@catcodetablestackcnt=\count334
)
\CatcodeTableOther=\catcodetable17
\CatcodeTableExpl=\catcodetable18
)
Removing  `luaotfload.node_processor' from `pre_linebreak_filter'.
Inserting `Babel.pre_otfload_v' in `pre_linebreak_filter'.
Inserting `luaotfload.node_processor' in `pre_linebreak_filter'.
Removing  `luaotfload.node_processor' from `hpack_filter'.
Removing  `luaotfload.harf.finalize_hlist' from `hpack_filter'.
Inserting `Babel.pre_otfload_h' in `hpack_filter'.
Inserting `luaotfload.node_processor' in `hpack_filter'.
Inserting `luaotfload.harf.finalize_hlist' in `hpack_filter'.
\bbl@attr@dir=\attribute5
) (/Users/corrado/Library/TinyTeX/texmf-dist/tex/generic/babel/locale/it/babel-italian.tex)
Package babel Info: Importing font and identification data for 'italian'
(babel)             from babel-it.ini. Reported on input line 4380.
(/Users/corrado/Library/TinyTeX/texmf-dist/tex/generic/babel-italian/italian.ldf
Language: italian 2026/01/13 v.1.5.02 Italian support for the babel system
\it@lettering=\count335
\it@doublequoteactive=\count336
\it@ISOcompliance=\count337
(/Users/corrado/Library/TinyTeX/texmf-dist/tex/generic/hyph-utf8/loadhyph/loadhyph-it.tex UTF-8 Italian hyphenation patterns (/Users/corrado/Library/TinyTeX/texmf-dist/tex/generic/hyph-utf8/patterns/tex/hyph-it.tex) (/Users/corrado/Library/TinyTeX/texmf-dist/tex/generic/hyph-utf8/patterns/quote/hyph-quote-it.tex))))

Package fontspec Info: 
(fontspec)             Language 'Italian' not explicitly supported within font
(fontspec)             'Libertinus Serif' with script 'Latin'. Check the
(fontspec)             typeset output, and if it is okay then ignore this
(fontspec)             warning. Otherwise a different font should be chosen.


Package fontspec Info: 
(fontspec)             Libertinus Serif scale = 1.


Package fontspec Info: 
(fontspec)             Libertinus Serif scale = 1.


Package fontspec Info: 
(fontspec)             Libertinus Serif scale = 1.


Package fontspec Info: 
(fontspec)             Libertinus Serif scale = 1.


Package fontspec Info: 
(fontspec)             Libertinus Serif scale = 1.


Package fontspec Info: 
(fontspec)             Libertinus Serif scale = 1.


Package fontspec Info: 
(fontspec)             Libertinus Serif/B scale = 0.990760467286712.


Package fontspec Info: 
(fontspec)             Libertinus Serif/B scale = 1.


Package fontspec Info: 
(fontspec)             Libertinus Serif/B scale = 0.990760467286712.


Package fontspec Info: 
(fontspec)             Libertinus Serif/B scale = 1.


Package fontspec Info: 
(fontspec)             Libertinus Serif/I scale = 1.


Package fontspec Info: 
(fontspec)             Libertinus Serif/I scale = 1.


Package fontspec Info: 
(fontspec)             Libertinus Serif/I scale = 1.


Package fontspec Info: 
(fontspec)             Libertinus Serif/I scale = 1.


Package fontspec Info: 
(fontspec)             Libertinus Serif/BI scale = 1.


Package fontspec Info: 
(fontspec)             Libertinus Serif/BI scale = 1.


Package fontspec Info: 
(fontspec)             Libertinus Serif/BI scale = 1.


Package fontspec Info: 
(fontspec)             Libertinus Serif/BI scale = 1.


Package fontspec Info: 
(fontspec)             Font family 'LibertinusSerif(2)' created for font
(fontspec)             'Libertinus Serif' with options
(fontspec)             [Scale=MatchLowercase,Ligatures=TeX,Scale=1,Script=Latin,Language=Italian,RawFeature={family=rm}].
(fontspec)              
(fontspec)              This font family consists of the following NFSS
(fontspec)             series/shapes:
(fontspec)              
(fontspec)             - 'normal' (m/n) with NFSS spec.:
(fontspec)             <->s*[1]"name:Libertinus
(fontspec)             Serif:mode=node;script=latn;language=ITA;+tlig;family=rm;"
(fontspec)             - 'small caps'  (m/sc) with NFSS spec.:
(fontspec)             <->s*[1]"name:Libertinus
(fontspec)             Serif:mode=node;script=latn;language=ITA;+tlig;family=rm;+smcp;"
(fontspec)             - 'bold' (b/n) with NFSS spec.:
(fontspec)             <->s*[1]"name:Libertinus
(fontspec)             Serif/B:mode=node;script=latn;language=ITA;+tlig;family=rm;"
(fontspec)             - 'bold small caps'  (b/sc) with NFSS spec.:
(fontspec)             <->s*[1]"name:Libertinus
(fontspec)             Serif/B:mode=node;script=latn;language=ITA;+tlig;family=rm;+smcp;"
(fontspec)             - 'italic' (m/it) with NFSS spec.:
(fontspec)             <->s*[1]"name:Libertinus
(fontspec)             Serif/I:mode=node;script=latn;language=ITA;+tlig;family=rm;"
(fontspec)             - 'italic small caps'  (m/scit) with NFSS spec.:
(fontspec)             <->s*[1]"name:Libertinus
(fontspec)             Serif/I:mode=node;script=latn;language=ITA;+tlig;family=rm;+smcp;"
(fontspec)             - 'bold italic' (b/it) with NFSS spec.:
(fontspec)             <->s*[1]"name:Libertinus
(fontspec)             Serif/BI:mode=node;script=latn;language=ITA;+tlig;family=rm;"
(fontspec)             - 'bold italic small caps'  (b/scit) with NFSS spec.:
(fontspec)             <->s*[1]"name:Libertinus
(fontspec)             Serif/BI:mode=node;script=latn;language=ITA;+tlig;family=rm;+smcp;"

LaTeX Font Info:    Font shape `TU/LibertinusSerif(2)/m/n' will be
(Font)              scaled to size 10.95pt on input line 184.
(/Users/corrado/Library/TinyTeX/texmf-dist/tex/lualatex/selnolig/selnolig.sty
=== Package selnolig, Version 0.302, Date 2015/10/26 ===
Package: selnolig 2015/10/26
(/Users/corrado/Library/TinyTeX/texmf-dist/tex/generic/iftex/ifluatex.sty
Package: ifluatex 2019/10/25 v1.5 ifluatex legacy package. Use iftex instead.
)
Inserting `Suppress ligatures selectively' in `ligaturing'.) (/Users/corrado/Library/TinyTeX/texmf-dist/tex/latex/caption/caption.sty
Package: caption 2023/08/05 v3.6o Customizing captions (AR)

Package tocbasic Info: Loading of class-dependent code for package caption3
(tocbasic)             prevented on line 50.

(/Users/corrado/Library/TinyTeX/texmf-dist/tex/latex/caption/caption3.sty
Package: caption3 2023/07/31 v2.4d caption3 kernel (AR)
\caption@tempdima=\dimen197
\captionmargin=\dimen198
\caption@leftmargin=\dimen199
\caption@rightmargin=\dimen256
\caption@width=\dimen257
\caption@indent=\dimen258
\caption@parindent=\dimen259
\caption@hangindent=\dimen260
)
\c@caption@flags=\count338
\c@continuedfloat=\count339
Package caption Info: longtable package is loaded.
(/Users/corrado/Library/TinyTeX/texmf-dist/tex/latex/caption/ltcaption.sty
Package: ltcaption 2021/01/08 v1.4c longtable captions (AR)
)) (/Users/corrado/Library/TinyTeX/texmf-dist/tex/latex/colortbl/colortbl.sty
Package: colortbl 2026/05/01 v1.0l Color table columns (DPC)
new hooks used!!
\minrowclearance=\skip82
\rownum=\count340
) (/Users/corrado/Library/TinyTeX/texmf-dist/tex/latex/anyfontsize/anyfontsize.sty
Package: anyfontsize 2007/11/22 anyfontsize.sty by pts
) (/Users/corrado/Library/TinyTeX/texmf-dist/tex/latex/multirow/multirow.sty
Package: multirow 2024/11/12 v2.9 Span multiple rows of a table
\multirow@colwidth=\skip83
\multirow@cntb=\count341
\multirow@dima=\skip84
\bigstrutjot=\dimen261
) (/Users/corrado/Library/TinyTeX/texmf-dist/tex/latex/koma-script/scrlayer-scrpage.sty
Package: scrlayer-scrpage 2026/02/02 v3.49.2 KOMA-Script package (end user interface for scrlayer)
(/Users/corrado/Library/TinyTeX/texmf-dist/tex/latex/koma-script/scrlayer.sty
Package: scrlayer 2026/02/02 v3.49.2 KOMA-Script package (defining layers and page styles)
Package scrlayer Info: patching LaTeX kernel macro \pagestyle on input line 2179.
)
Package scrlayer-scrpage Info: Makeing stand-alone element `pagehead' from
(scrlayer-scrpage)             alias to `pageheadfoot' on input line 1106.
) (/Users/corrado/Library/TinyTeX/texmf-dist/tex/latex/tcolorbox/tcolorbox.sty
Package: tcolorbox 2026/05/28 version 6.10.0 text color boxes
(/Users/corrado/Library/TinyTeX/texmf-dist/tex/latex/pgf/frontendlayer/tikz.sty (/Users/corrado/Library/TinyTeX/texmf-dist/tex/latex/pgf/basiclayer/pgf.sty (/Users/corrado/Library/TinyTeX/texmf-dist/tex/latex/pgf/utilities/pgfrcs.sty (/Users/corrado/Library/TinyTeX/texmf-dist/tex/generic/pgf/utilities/pgfutil-common.tex
\pgfutil@everybye=\toks28
\pgfutil@tempdima=\dimen262
\pgfutil@tempdimb=\dimen263
) (/Users/corrado/Library/TinyTeX/texmf-dist/tex/generic/pgf/utilities/pgfutil-latex.def
\pgfutil@abb=\box68
) (/Users/corrado/Library/TinyTeX/texmf-dist/tex/generic/pgf/utilities/pgfrcs.code.tex (/Users/corrado/Library/TinyTeX/texmf-dist/tex/generic/pgf/pgf.revision.tex)
Package: pgfrcs 2025-08-29 v3.1.11a (3.1.11a)
))
Package: pgf 2025-08-29 v3.1.11a (3.1.11a)
(/Users/corrado/Library/TinyTeX/texmf-dist/tex/latex/pgf/basiclayer/pgfcore.sty (/Users/corrado/Library/TinyTeX/texmf-dist/tex/latex/pgf/systemlayer/pgfsys.sty (/Users/corrado/Library/TinyTeX/texmf-dist/tex/generic/pgf/systemlayer/pgfsys.code.tex
Package: pgfsys 2025-08-29 v3.1.11a (3.1.11a)
(/Users/corrado/Library/TinyTeX/texmf-dist/tex/generic/pgf/utilities/pgfkeys.code.tex
\pgfkeys@pathtoks=\toks29
\pgfkeys@temptoks=\toks30
(/Users/corrado/Library/TinyTeX/texmf-dist/tex/generic/pgf/utilities/pgfkeyslibraryfiltered.code.tex
\pgfkeys@tmptoks=\toks31
))
\pgf@x=\dimen264
\pgf@y=\dimen265
\pgf@xa=\dimen266
\pgf@ya=\dimen267
\pgf@xb=\dimen268
\pgf@yb=\dimen269
\pgf@xc=\dimen270
\pgf@yc=\dimen271
\pgf@xd=\dimen272
\pgf@yd=\dimen273
\w@pgf@writea=\write4
\r@pgf@reada=\read4
\c@pgf@counta=\count342
\c@pgf@countb=\count343
\c@pgf@countc=\count344
\c@pgf@countd=\count345
\t@pgf@toka=\toks32
\t@pgf@tokb=\toks33
\t@pgf@tokc=\toks34
\pgf@sys@id@count=\count346
(/Users/corrado/Library/TinyTeX/texmf-dist/tex/generic/pgf/systemlayer/pgf.cfg
File: pgf.cfg 2025-08-29 v3.1.11a (3.1.11a)
)
Driver file for pgf: pgfsys-luatex.def
(/Users/corrado/Library/TinyTeX/texmf-dist/tex/generic/pgf/systemlayer/pgfsys-luatex.def
File: pgfsys-luatex.def 2025-08-29 v3.1.11a (3.1.11a)
(/Users/corrado/Library/TinyTeX/texmf-dist/tex/generic/pgf/systemlayer/pgfsys-common-pdf.def
File: pgfsys-common-pdf.def 2025-08-29 v3.1.11a (3.1.11a)
))) (/Users/corrado/Library/TinyTeX/texmf-dist/tex/generic/pgf/systemlayer/pgfsyssoftpath.code.tex
File: pgfsyssoftpath.code.tex 2025-08-29 v3.1.11a (3.1.11a)
\pgfsyssoftpath@smallbuffer@items=\count347
\pgfsyssoftpath@bigbuffer@items=\count348
) (/Users/corrado/Library/TinyTeX/texmf-dist/tex/generic/pgf/systemlayer/pgfsysprotocol.code.tex
File: pgfsysprotocol.code.tex 2025-08-29 v3.1.11a (3.1.11a)
)) (/Users/corrado/Library/TinyTeX/texmf-dist/tex/generic/pgf/basiclayer/pgfcore.code.tex
Package: pgfcore 2025-08-29 v3.1.11a (3.1.11a)
(/Users/corrado/Library/TinyTeX/texmf-dist/tex/generic/pgf/math/pgfmath.code.tex (/Users/corrado/Library/TinyTeX/texmf-dist/tex/generic/pgf/math/pgfmathutil.code.tex) (/Users/corrado/Library/TinyTeX/texmf-dist/tex/generic/pgf/math/pgfmathparser.code.tex
\pgfmath@dimen=\dimen274
\pgfmath@count=\count349
\pgfmath@box=\box69
\pgfmath@toks=\toks35
\pgfmath@stack@operand=\toks36
\pgfmath@stack@operation=\toks37
) (/Users/corrado/Library/TinyTeX/texmf-dist/tex/generic/pgf/math/pgfmathfunctions.code.tex) (/Users/corrado/Library/TinyTeX/texmf-dist/tex/generic/pgf/math/pgfmathfunctions.basic.code.tex) (/Users/corrado/Library/TinyTeX/texmf-dist/tex/generic/pgf/math/pgfmathfunctions.trigonometric.code.tex) (/Users/corrado/Library/TinyTeX/texmf-dist/tex/generic/pgf/math/pgfmathfunctions.random.code.tex) (/Users/corrado/Library/TinyTeX/texmf-dist/tex/generic/pgf/math/pgfmathfunctions.comparison.code.tex) (/Users/corrado/Library/TinyTeX/texmf-dist/tex/generic/pgf/math/pgfmathfunctions.base.code.tex) (/Users/corrado/Library/TinyTeX/texmf-dist/tex/generic/pgf/math/pgfmathfunctions.round.code.tex) (/Users/corrado/Library/TinyTeX/texmf-dist/tex/generic/pgf/math/pgfmathfunctions.misc.code.tex) (/Users/corrado/Library/TinyTeX/texmf-dist/tex/generic/pgf/math/pgfmathfunctions.integerarithmetics.code.tex) (/Users/corrado/Library/TinyTeX/texmf-dist/tex/generic/pgf/math/pgfmathcalc.code.tex) (/Users/corrado/Library/TinyTeX/texmf-dist/tex/generic/pgf/math/pgfmathfloat.code.tex
\c@pgfmathroundto@lastzeros=\count350
)) (/Users/corrado/Library/TinyTeX/texmf-dist/tex/generic/pgf/math/pgfint.code.tex) (/Users/corrado/Library/TinyTeX/texmf-dist/tex/generic/pgf/basiclayer/pgfcorepoints.code.tex
File: pgfcorepoints.code.tex 2025-08-29 v3.1.11a (3.1.11a)
\pgf@picminx=\dimen275
\pgf@picmaxx=\dimen276
\pgf@picminy=\dimen277
\pgf@picmaxy=\dimen278
\pgf@pathminx=\dimen279
\pgf@pathmaxx=\dimen280
\pgf@pathminy=\dimen281
\pgf@pathmaxy=\dimen282
\pgf@xx=\dimen283
\pgf@xy=\dimen284
\pgf@yx=\dimen285
\pgf@yy=\dimen286
\pgf@zx=\dimen287
\pgf@zy=\dimen288
) (/Users/corrado/Library/TinyTeX/texmf-dist/tex/generic/pgf/basiclayer/pgfcorepathconstruct.code.tex
File: pgfcorepathconstruct.code.tex 2025-08-29 v3.1.11a (3.1.11a)
\pgf@path@lastx=\dimen289
\pgf@path@lasty=\dimen290
) (/Users/corrado/Library/TinyTeX/texmf-dist/tex/generic/pgf/basiclayer/pgfcorepathusage.code.tex
File: pgfcorepathusage.code.tex 2025-08-29 v3.1.11a (3.1.11a)
\pgf@shorten@end@additional=\dimen291
\pgf@shorten@start@additional=\dimen292
) (/Users/corrado/Library/TinyTeX/texmf-dist/tex/generic/pgf/basiclayer/pgfcorescopes.code.tex
File: pgfcorescopes.code.tex 2025-08-29 v3.1.11a (3.1.11a)
\pgfpic=\box70
\pgf@hbox=\box71
\pgf@layerbox@main=\box72
\pgf@picture@serial@count=\count351
) (/Users/corrado/Library/TinyTeX/texmf-dist/tex/generic/pgf/basiclayer/pgfcoregraphicstate.code.tex
File: pgfcoregraphicstate.code.tex 2025-08-29 v3.1.11a (3.1.11a)
\pgflinewidth=\dimen293
) (/Users/corrado/Library/TinyTeX/texmf-dist/tex/generic/pgf/basiclayer/pgfcoretransformations.code.tex
File: pgfcoretransformations.code.tex 2025-08-29 v3.1.11a (3.1.11a)
\pgf@pt@x=\dimen294
\pgf@pt@y=\dimen295
\pgf@pt@temp=\dimen296
) (/Users/corrado/Library/TinyTeX/texmf-dist/tex/generic/pgf/basiclayer/pgfcorequick.code.tex
File: pgfcorequick.code.tex 2025-08-29 v3.1.11a (3.1.11a)
) (/Users/corrado/Library/TinyTeX/texmf-dist/tex/generic/pgf/basiclayer/pgfcoreobjects.code.tex
File: pgfcoreobjects.code.tex 2025-08-29 v3.1.11a (3.1.11a)
) (/Users/corrado/Library/TinyTeX/texmf-dist/tex/generic/pgf/basiclayer/pgfcorepathprocessing.code.tex
File: pgfcorepathprocessing.code.tex 2025-08-29 v3.1.11a (3.1.11a)
) (/Users/corrado/Library/TinyTeX/texmf-dist/tex/generic/pgf/basiclayer/pgfcorearrows.code.tex
File: pgfcorearrows.code.tex 2025-08-29 v3.1.11a (3.1.11a)
\pgfarrowsep=\dimen297
) (/Users/corrado/Library/TinyTeX/texmf-dist/tex/generic/pgf/basiclayer/pgfcoreshade.code.tex
File: pgfcoreshade.code.tex 2025-08-29 v3.1.11a (3.1.11a)
\pgf@max=\dimen298
\pgf@sys@shading@range@num=\count352
\pgf@shadingcount=\count353
) (/Users/corrado/Library/TinyTeX/texmf-dist/tex/generic/pgf/basiclayer/pgfcoreimage.code.tex
File: pgfcoreimage.code.tex 2025-08-29 v3.1.11a (3.1.11a)
) (/Users/corrado/Library/TinyTeX/texmf-dist/tex/generic/pgf/basiclayer/pgfcoreexternal.code.tex
File: pgfcoreexternal.code.tex 2025-08-29 v3.1.11a (3.1.11a)
\pgfexternal@startupbox=\box73
) (/Users/corrado/Library/TinyTeX/texmf-dist/tex/generic/pgf/basiclayer/pgfcorelayers.code.tex
File: pgfcorelayers.code.tex 2025-08-29 v3.1.11a (3.1.11a)
) (/Users/corrado/Library/TinyTeX/texmf-dist/tex/generic/pgf/basiclayer/pgfcoretransparency.code.tex
File: pgfcoretransparency.code.tex 2025-08-29 v3.1.11a (3.1.11a)
) (/Users/corrado/Library/TinyTeX/texmf-dist/tex/generic/pgf/basiclayer/pgfcorepatterns.code.tex
File: pgfcorepatterns.code.tex 2025-08-29 v3.1.11a (3.1.11a)
) (/Users/corrado/Library/TinyTeX/texmf-dist/tex/generic/pgf/basiclayer/pgfcorerdf.code.tex
File: pgfcorerdf.code.tex 2025-08-29 v3.1.11a (3.1.11a)
))) (/Users/corrado/Library/TinyTeX/texmf-dist/tex/generic/pgf/modules/pgfmoduleshapes.code.tex
File: pgfmoduleshapes.code.tex 2025-08-29 v3.1.11a (3.1.11a)
\pgfnodeparttextbox=\box74
) (/Users/corrado/Library/TinyTeX/texmf-dist/tex/generic/pgf/modules/pgfmoduleplot.code.tex
File: pgfmoduleplot.code.tex 2025-08-29 v3.1.11a (3.1.11a)
) (/Users/corrado/Library/TinyTeX/texmf-dist/tex/latex/pgf/compatibility/pgfcomp-version-0-65.sty
Package: pgfcomp-version-0-65 2025-08-29 v3.1.11a (3.1.11a)
\pgf@nodesepstart=\dimen299
\pgf@nodesepend=\dimen300
) (/Users/corrado/Library/TinyTeX/texmf-dist/tex/latex/pgf/compatibility/pgfcomp-version-1-18.sty
Package: pgfcomp-version-1-18 2025-08-29 v3.1.11a (3.1.11a)
)) (/Users/corrado/Library/TinyTeX/texmf-dist/tex/latex/pgf/utilities/pgffor.sty (/Users/corrado/Library/TinyTeX/texmf-dist/tex/latex/pgf/utilities/pgfkeys.sty (/Users/corrado/Library/TinyTeX/texmf-dist/tex/generic/pgf/utilities/pgfkeys.code.tex)) (/Users/corrado/Library/TinyTeX/texmf-dist/tex/latex/pgf/math/pgfmath.sty (/Users/corrado/Library/TinyTeX/texmf-dist/tex/generic/pgf/math/pgfmath.code.tex)) (/Users/corrado/Library/TinyTeX/texmf-dist/tex/generic/pgf/utilities/pgffor.code.tex
Package: pgffor 2025-08-29 v3.1.11a (3.1.11a)
\pgffor@iter=\dimen301
\pgffor@skip=\dimen302
\pgffor@stack=\toks38
\pgffor@toks=\toks39
)) (/Users/corrado/Library/TinyTeX/texmf-dist/tex/generic/pgf/frontendlayer/tikz/tikz.code.tex
Package: tikz 2025-08-29 v3.1.11a (3.1.11a)
(/Users/corrado/Library/TinyTeX/texmf-dist/tex/generic/pgf/libraries/pgflibraryplothandlers.code.tex
File: pgflibraryplothandlers.code.tex 2025-08-29 v3.1.11a (3.1.11a)
\pgf@plot@mark@count=\count354
\pgfplotmarksize=\dimen303
)
\tikz@lastx=\dimen304
\tikz@lasty=\dimen305
\tikz@lastxsaved=\dimen306
\tikz@lastysaved=\dimen307
\tikz@lastmovetox=\dimen308
\tikz@lastmovetoy=\dimen309
\tikzleveldistance=\dimen310
\tikzsiblingdistance=\dimen311
\tikz@figbox=\box75
\tikz@figbox@bg=\box76
\tikz@tempbox=\box77
\tikz@tempbox@bg=\box78
\tikztreelevel=\count355
\tikznumberofchildren=\count356
\tikznumberofcurrentchild=\count357
\tikz@fig@count=\count358
(/Users/corrado/Library/TinyTeX/texmf-dist/tex/generic/pgf/modules/pgfmodulematrix.code.tex
File: pgfmodulematrix.code.tex 2025-08-29 v3.1.11a (3.1.11a)
\pgfmatrixcurrentrow=\count359
\pgfmatrixcurrentcolumn=\count360
\pgf@matrix@numberofcolumns=\count361
)
\tikz@expandcount=\count362
(/Users/corrado/Library/TinyTeX/texmf-dist/tex/generic/pgf/frontendlayer/tikz/libraries/tikzlibrarytopaths.code.tex
File: tikzlibrarytopaths.code.tex 2025-08-29 v3.1.11a (3.1.11a)
))) (/Users/corrado/Library/TinyTeX/texmf-dist/tex/latex/tools/verbatim.sty
Package: verbatim 2024-01-22 v1.5x LaTeX2e package for verbatim enhancements
\every@verbatim=\toks40
\verbatim@line=\toks41
\verbatim@in@stream=\read5
) (/Users/corrado/Library/TinyTeX/texmf-dist/tex/latex/environ/environ.sty
Package: environ 2014/05/04 v0.3 A new way to define environments
(/Users/corrado/Library/TinyTeX/texmf-dist/tex/latex/trimspaces/trimspaces.sty
Package: trimspaces 2009/09/17 v1.1 Trim spaces around a token list
))
\tcb@titlebox=\box79
\tcb@upperbox=\box80
\tcb@lowerbox=\box81
\tcb@phantombox=\box82
\c@tcbbreakpart=\count363
\c@tcblayer=\count364
\c@tcolorbox@number=\count365
\l__tcobox_tmpa_box=\box83
\l__tcobox_tmpa_dim=\dimen312
\tcb@temp=\box84
\tcb@temp=\box85
\tcb@temp=\box86
\tcb@temp=\box87
(/Users/corrado/Library/TinyTeX/texmf-dist/tex/latex/tcolorbox/tcbskins.code.tex
Library (tcolorbox): 'tcbskins.code.tex' version '6.10.0'
(/Users/corrado/Library/TinyTeX/texmf-dist/tex/latex/tikzfill/tikzfill.image.sty
Package: tikzfill.image 2026/04/23 v1.2.0 Image filling library for TikZ
(/Users/corrado/Library/TinyTeX/texmf-dist/tex/latex/tikzfill/tikzlibraryfill.image.code.tex
File: tikzlibraryfill.image.code.tex 2026/04/23 v1.2.0 Image filling library
\l__tikzfill_tmpa_dim=\dimen313
\l__tikzfill_tmpb_dim=\dimen314
\l__tikzfill_img_box=\box88
)) (/Users/corrado/Library/TinyTeX/texmf-dist/tex/latex/tcolorbox/tcbskinsjigsaw.code.tex
Library (tcolorbox): 'tcbskinsjigsaw.code.tex' version '6.10.0'
)) (/Users/corrado/Library/TinyTeX/texmf-dist/tex/latex/tcolorbox/tcbbreakable.code.tex
Library (tcolorbox): 'tcbbreakable.code.tex' version '6.10.0'
(/Users/corrado/Library/TinyTeX/texmf-dist/tex/latex/pdfcol/pdfcol.sty
Package: pdfcol 2026-06-20 v1.8 Handle new color stacks for pdfTeX (HO)
(/Users/corrado/Library/TinyTeX/texmf-dist/tex/generic/ltxcmds/ltxcmds.sty
Package: ltxcmds 2023-12-04 v1.26 LaTeX kernel commands for general use (HO)
) (/Users/corrado/Library/TinyTeX/texmf-dist/tex/generic/infwarerr/infwarerr.sty
Package: infwarerr 2019/12/03 v1.5 Providing info/warning/error messages (HO)
))
Package pdfcol Info: New color stack `tcb@breakable' = 1 on input line 23.
\tcb@testbox=\box89
\tcb@totalupperbox=\box90
\tcb@totallowerbox=\box91
)) (/Users/corrado/Library/TinyTeX/texmf-dist/tex/latex/fontawesome5/fontawesome5.sty
Package: fontawesome5 2022/05/02 v5.15.4 Font Awesome 5
(/Users/corrado/Library/TinyTeX/texmf-dist/tex/latex/fontawesome5/fontawesome5-utex-helper.sty
Package: fontawesome5-utex-helper 2022/05/02 v5.15.4 uTeX helper for fontawesome5
LaTeX Font Info:    Trying to load font information for TU+fontawesomefree on input line 69.
(/Users/corrado/Library/TinyTeX/texmf-dist/tex/latex/fontawesome5/tufontawesomefree.fd)
LaTeX Font Info:    Trying to load font information for TU+fontawesomebrands on input line 70.
(/Users/corrado/Library/TinyTeX/texmf-dist/tex/latex/fontawesome5/tufontawesomebrands.fd))) (/Users/corrado/Library/TinyTeX/texmf-dist/tex/latex/bookmark/bookmark.sty
Package: bookmark 2026-05-21 v1.32 PDF bookmarks (HO)
(/Users/corrado/Library/TinyTeX/texmf-dist/tex/latex/hyperref/hyperref.sty
Package: hyperref 2026-06-17 v7.01r Hypertext links for LaTeX
(/Users/corrado/Library/TinyTeX/texmf-dist/tex/latex/kvsetkeys/kvsetkeys.sty
Package: kvsetkeys 2022-10-05 v1.19 Key value parser (HO)
) (/Users/corrado/Library/TinyTeX/texmf-dist/tex/generic/kvdefinekeys/kvdefinekeys.sty
Package: kvdefinekeys 2019-12-19 v1.6 Define keys (HO)
) (/Users/corrado/Library/TinyTeX/texmf-dist/tex/generic/pdfescape/pdfescape.sty
Package: pdfescape 2019/12/09 v1.15 Implements pdfTeX's escape features (HO)
(/Users/corrado/Library/TinyTeX/texmf-dist/tex/generic/pdftexcmds/pdftexcmds.sty
Package: pdftexcmds 2020-06-27 v0.33 Utility functions of pdfTeX for LuaTeX (HO)
Package pdftexcmds Info: \pdf@primitive is available.
Package pdftexcmds Info: \pdf@ifprimitive is available.
Package pdftexcmds Info: \pdfdraftmode found.
\pdftexcmds@toks=\toks42
)) (/Users/corrado/Library/TinyTeX/texmf-dist/tex/latex/hycolor/hycolor.sty
Package: hycolor 2020-01-27 v1.10 Color options for hyperref/bookmark (HO)
) (/Users/corrado/Library/TinyTeX/texmf-dist/tex/latex/hyperref/nameref.sty
Package: nameref 2026-01-29 v2.58 Cross-referencing by name of section
(/Users/corrado/Library/TinyTeX/texmf-dist/tex/latex/refcount/refcount.sty
Package: refcount 2019/12/15 v3.6 Data extraction from label references (HO)
) (/Users/corrado/Library/TinyTeX/texmf-dist/tex/generic/gettitlestring/gettitlestring.sty
Package: gettitlestring 2019/12/15 v1.6 Cleanup title references (HO)
(/Users/corrado/Library/TinyTeX/texmf-dist/tex/latex/kvoptions/kvoptions.sty
Package: kvoptions 2022-06-15 v3.15 Key value format for package options (HO)
))
\c@section@level=\count366
) (/Users/corrado/Library/TinyTeX/texmf-dist/tex/generic/stringenc/stringenc.sty
Package: stringenc 2019/11/29 v1.12 Convert strings between diff. encodings (HO)
)
\@linkdim=\dimen315
\Hy@linkcounter=\count367
\Hy@pagecounter=\count368
(/Users/corrado/Library/TinyTeX/texmf-dist/tex/latex/hyperref/pd1enc.def
File: pd1enc.def 2026-06-17 v7.01r Hyperref: PDFDocEncoding definition (HO)
) (/Users/corrado/Library/TinyTeX/texmf-dist/tex/generic/intcalc/intcalc.sty
Package: intcalc 2019/12/15 v1.3 Expandable calculations with integers (HO)
)
\Hy@SavedSpaceFactor=\count369
(/Users/corrado/Library/TinyTeX/texmf-dist/tex/latex/hyperref/puenc.def
File: puenc.def 2026-06-17 v7.01r Hyperref: PDF Unicode definition (HO)
)
Package hyperref Info: Option `unicode' set `true' on input line 4070.
Package hyperref Info: Hyper figures OFF on input line 4199.
Package hyperref Info: Link nesting OFF on input line 4204.
Package hyperref Info: Hyper index ON on input line 4207.
Package hyperref Info: Plain pages OFF on input line 4214.
Package hyperref Info: Backreferencing OFF on input line 4219.
Package hyperref Info: Implicit mode ON; LaTeX internals redefined.
Package hyperref Info: Bookmarks ON on input line 4466.
\c@Hy@tempcnt=\count370
(/Users/corrado/Library/TinyTeX/texmf-dist/tex/latex/url/url.sty
\Urlmuskip=\muskip19
Package: url 2013/09/16  ver 3.4  Verb mode for urls, etc.
)
LaTeX Info: Redefining \url on input line 4805.
\XeTeXLinkMargin=\dimen316
(/Users/corrado/Library/TinyTeX/texmf-dist/tex/generic/bitset/bitset.sty
Package: bitset 2019/12/09 v1.3 Handle bit-vector datatype (HO)
(/Users/corrado/Library/TinyTeX/texmf-dist/tex/generic/bigintcalc/bigintcalc.sty
Package: bigintcalc 2019/12/15 v1.5 Expandable calculations on big integers (HO)
))
\Fld@menulength=\count371
\Field@Width=\dimen317
\Fld@charsize=\dimen318
Package hyperref Info: Hyper figures OFF on input line 6091.
Package hyperref Info: Link nesting OFF on input line 6096.
Package hyperref Info: Hyper index ON on input line 6099.
Package hyperref Info: backreferencing OFF on input line 6106.
Package hyperref Info: Link coloring OFF on input line 6111.
Package hyperref Info: Link coloring with OCG OFF on input line 6116.
Package hyperref Info: PDF/A mode OFF on input line 6121.
\Hy@abspage=\count372
\c@Item=\count373
\c@Hfootnote=\count374
)
Package hyperref Info: Driver (autodetected): hluatex.
(/Users/corrado/Library/TinyTeX/texmf-dist/tex/latex/hyperref/hluatex.def
File: hluatex.def 2026-06-17 v7.01r Hyperref driver for luaTeX
\Fld@listcount=\count375
\c@bookmark@seq@number=\count376
(/Users/corrado/Library/TinyTeX/texmf-dist/tex/latex/rerunfilecheck/rerunfilecheck.sty
Package: rerunfilecheck 2025-06-21 v1.11 Rerun checks for auxiliary files (HO)
(/Users/corrado/Library/TinyTeX/texmf-dist/tex/generic/uniquecounter/uniquecounter.sty
Package: uniquecounter 2019/12/15 v1.4 Provide unlimited unique counter (HO)
)
Package uniquecounter Info: New unique counter `rerunfilecheck' on input line 284.
)
\Hy@SectionHShift=\skip85
) (/Users/corrado/Library/TinyTeX/texmf-dist/tex/latex/bookmark/bkm-luatex.def
File: bkm-luatex.def 2026-05-21 v1.32 bookmark driver for luaTeX (HO)
\BKM@id=\count377
)) (/Users/corrado/Library/TinyTeX/texmf-dist/tex/latex/float/float.sty
Package: float 2001/11/08 v1.3d Float enhancements (AL)
\c@float@type=\count378
\float@exts=\toks43
\float@box=\box92
\@float@everytoks=\toks44
\@floatcapt=\box93
)
\@float@every@codelisting=\toks45
\c@codelisting=\count379
(/Users/corrado/Library/TinyTeX/texmf-dist/tex/latex/amscls/amsthm.sty
Package: amsthm 2020/05/29 v2.20.6
\thm@style=\toks46
\thm@bodyfont=\toks47
\thm@headfont=\toks48
\thm@notefont=\toks49
\thm@headpunct=\toks50
\thm@preskip=\skip86
\thm@postskip=\skip87
\thm@headsep=\skip88
\dth@everypar=\toks51
) (/Users/corrado/Library/TinyTeX/texmf-dist/tex/latex/xpatch/xpatch.sty
Package: xpatch 2020/03/25 v0.3a Extending etoolbox patching commands
)
Class scrbook Info: amsthm's \deferred@thm@head patched.
\c@theorem=\count380
\c@example=\count381
\c@definition=\count382
\c@refremark=\count383
\c@refsolution=\count384
(/Users/corrado/Library/TinyTeX/texmf-dist/tex/latex/caption/subcaption.sty
Package: subcaption 2023/07/28 v1.6b Sub-captions (AR)
Package caption Info: New subtype `subfigure' on input line 238.
\c@subfigure=\count385
Package caption Info: New subtype `subtable' on input line 238.
\c@subtable=\count386
) (/Users/corrado/Library/TinyTeX/texmf-dist/tex/latex/xurl/xurl.sty
Package: xurl 2022/01/09 v 0.10 modify URL breaks
)
Package hyperref Info: Option `colorlinks' set `true' on input line 295.
No file index.aux.

\openout1 = index.aux
LaTeX Font Info:    Checking defaults for OML/cmm/m/it on input line 308.
LaTeX Font Info:    ... okay on input line 308.
LaTeX Font Info:    Checking defaults for OMS/cmsy/m/n on input line 308.
LaTeX Font Info:    ... okay on input line 308.
LaTeX Font Info:    Checking defaults for OT1/cmr/m/n on input line 308.
LaTeX Font Info:    ... okay on input line 308.
LaTeX Font Info:    Checking defaults for T1/cmr/m/n on input line 308.
LaTeX Font Info:    ... okay on input line 308.
LaTeX Font Info:    Checking defaults for TS1/cmr/m/n on input line 308.
LaTeX Font Info:    ... okay on input line 308.
LaTeX Font Info:    Checking defaults for TU/lmr/m/n on input line 308.
LaTeX Font Info:    ... okay on input line 308.
LaTeX Font Info:    Checking defaults for OMX/cmex/m/n on input line 308.
LaTeX Font Info:    ... okay on input line 308.
LaTeX Font Info:    Checking defaults for U/cmr/m/n on input line 308.
LaTeX Font Info:    ... okay on input line 308.
LaTeX Font Info:    Checking defaults for PD1/pdf/m/n on input line 308.
LaTeX Font Info:    ... okay on input line 308.
LaTeX Font Info:    Checking defaults for PU/pdf/m/n on input line 308.
LaTeX Font Info:    ... okay on input line 308.
(/Users/corrado/Library/TinyTeX/texmf-dist/tex/latex/epstopdf-pkg/epstopdf-base.sty
Package: epstopdf-base 2020-01-24 v2.11 Base part for package epstopdf
Package epstopdf-base Info: Redefining graphics rule for `.eps' on input line 485.
(/Users/corrado/Library/TinyTeX/texmf-dist/tex/latex/latexconfig/epstopdf-sys.cfg
File: epstopdf-sys.cfg 2010/07/13 v1.3 Configuration of (r)epstopdf for TeX Live
))
*geometry* driver: auto-detecting
*geometry* detected driver: luatex
*geometry* verbose mode - [ preamble ] result:
* driver: luatex
* paper: a4paper
* layout: <same size as paper>
* layoutoffset:(h,v)=(0.0pt,0.0pt)
* modes: twoside 
* h-part:(L,W,R)=(85.35826pt, 441.01773pt, 71.13188pt)
* v-part:(T,H,B)=(71.13188pt, 702.78308pt, 71.13188pt)
* \paperwidth=597.50787pt
* \paperheight=845.04684pt
* \textwidth=441.01773pt
* \textheight=702.78308pt
* \oddsidemargin=13.08827pt
* \evensidemargin=-1.1381pt
* \topmargin=-38.53812pt
* \headheight=17.0pt
* \headsep=20.40001pt
* \topskip=11.0pt
* \footskip=47.6pt
* \marginparwidth=89.62619pt
* \marginparsep=12.8401pt
* \columnsep=10.0pt
* \skip\footins=10.0pt plus 4.0pt minus 2.0pt
* \hoffset=0.0pt
* \voffset=0.0pt
* \mag=1000
* \@twocolumnfalse
* \@twosidetrue
* \@mparswitchtrue
* \@reversemarginfalse
* (1in=72.27pt=25.4mm, 1cm=28.453pt)

LaTeX Font Info:    Overwriting math alphabet `\mathtt' in version `normal'
(Font)                  OT1/lmtt/m/n --> TU/lmtt/m/n on input line 308.
LaTeX Font Info:    Overwriting math alphabet `\mathtt' in version `bold'
(Font)                  OT1/lmtt/m/n --> TU/lmtt/b/n on input line 308.

Package fontspec Info: 
(fontspec)             latinmodern-math scale = 0.9953571832716339.


Package fontspec Info: 
(fontspec)             latinmodern-math scale = 0.9953571832716339.


Package fontspec Info: 
(fontspec)             latinmodern-math scale = 0.9953571832716339.


Package fontspec Info: 
(fontspec)             Font family 'latinmodern-math.otf(0)' created for font
(fontspec)             'latinmodern-math.otf' with options
(fontspec)             [Scale=MatchLowercase,Renderer=Basic,BoldItalicFont={},ItalicFont={},SmallCapsFont={},Script=Math,RawFeature={mathfontdimen=xetex},BoldFont={latinmodern-math.otf}].
(fontspec)              
(fontspec)              This font family consists of the following NFSS
(fontspec)             series/shapes:
(fontspec)              
(fontspec)             - 'normal' (m/n) with NFSS spec.:
(fontspec)             <->s*[0.9953571832716339]"[latinmodern-math.otf]:mode=base;script=math;language=dflt;mathfontdimen=xetex;"
(fontspec)             - 'bold' (b/n) with NFSS spec.:
(fontspec)             <->s*[0.9953571832716339]"[latinmodern-math.otf]:mode=base;script=math;language=dflt;mathfontdimen=xetex;"

LaTeX Font Info:    Font shape `TU/latinmodern-math.otf(0)/m/n' will be
(Font)              scaled to size 10.8992pt on input line 308.

Package fontspec Info: 
(fontspec)             latinmodern-math scale = 0.9953571832716339.


Package fontspec Info: 
(fontspec)             latinmodern-math scale = 0.9953571832716339.


Package fontspec Info: 
(fontspec)             latinmodern-math scale = 0.9953571832716339.


Package fontspec Info: 
(fontspec)             latinmodern-math scale = 0.9953571832716339.


Package fontspec Info: 
(fontspec)             latinmodern-math scale = 0.9953571832716339.


Package fontspec Info: 
(fontspec)             Font family 'latinmodern-math.otf(1)' created for font
(fontspec)             'latinmodern-math.otf' with options
(fontspec)             [Scale=MatchLowercase,Renderer=Basic,BoldItalicFont={},ItalicFont={},SmallCapsFont={},Script=Math,SizeFeatures={{Size=9.3075-},{Size=6.57-9.3075,Font=latinmodern-math.otf,Style=MathScript},{Size=-6.57,Font=latinmodern-math.otf,Style=MathScriptScript}},RawFeature={mathfontdimen=xetex},BoldFont={latinmodern-math.otf}].
(fontspec)              
(fontspec)              This font family consists of the following NFSS
(fontspec)             series/shapes:
(fontspec)              
(fontspec)             - 'normal' (m/n) with NFSS spec.:
(fontspec)             <9.3075->s*[0.9953571832716339]"[latinmodern-math.otf]:mode=base;script=math;language=dflt;mathfontdimen=xetex;"<6.57-9.3075>s*[0.9953571832716339]"[latinmodern-math.otf]:mode=base;script=math;language=dflt;mathfontdimen=xetex;+ssty=0;"<-6.57>s*[0.9953571832716339]"[latinmodern-math.otf]:mode=base;script=math;language=dflt;mathfontdimen=xetex;+ssty=1;"
(fontspec)             - 'bold' (b/n) with NFSS spec.:
(fontspec)             <->s*[0.9953571832716339]"[latinmodern-math.otf]:mode=base;script=math;language=dflt;mathfontdimen=xetex;"

LaTeX Font Info:    Font shape `TU/latinmodern-math.otf(1)/m/n' will be
(Font)              scaled to size 10.8992pt on input line 308.
LaTeX Font Info:    Encoding `OT1' has changed to `TU' for symbol font
(Font)              `operators' in the math version `normal' on input line 308.
LaTeX Font Info:    Overwriting symbol font `operators' in version `normal'
(Font)                  OT1/lmr/m/n --> TU/latinmodern-math.otf(1)/m/n on input line 308.
LaTeX Font Info:    Encoding `OT1' has changed to `TU' for symbol font
(Font)              `operators' in the math version `bold' on input line 308.
LaTeX Font Info:    Overwriting symbol font `operators' in version `bold'
(Font)                  OT1/lmr/bx/n --> TU/latinmodern-math.otf(1)/b/n on input line 308.

Package fontspec Info: 
(fontspec)             latinmodern-math scale = 0.9953571832716339.


Package fontspec Info: 
(fontspec)             latinmodern-math scale = 0.9953571832716339.


Package fontspec Info: 
(fontspec)             latinmodern-math scale = 0.9953571832716339.


Package fontspec Info: 
(fontspec)             latinmodern-math scale = 0.9953571832716339.


Package fontspec Info: 
(fontspec)             latinmodern-math scale = 0.9953571832716339.


Package fontspec Info: 
(fontspec)             Font family 'latinmodern-math.otf(2)' created for font
(fontspec)             'latinmodern-math.otf' with options
(fontspec)             [Scale=MatchLowercase,Renderer=Basic,BoldItalicFont={},ItalicFont={},SmallCapsFont={},Script=Math,SizeFeatures={{Size=9.3075-},{Size=6.57-9.3075,Font=latinmodern-math.otf,Style=MathScript},{Size=-6.57,Font=latinmodern-math.otf,Style=MathScriptScript}},RawFeature={mathfontdimen=xetex},BoldFont={latinmodern-math.otf},RawFeature={mathfontdimen=tex2}].
(fontspec)              
(fontspec)              This font family consists of the following NFSS
(fontspec)             series/shapes:
(fontspec)              
(fontspec)             - 'normal' (m/n) with NFSS spec.:
(fontspec)             <9.3075->s*[0.9953571832716339]"[latinmodern-math.otf]:mode=base;script=math;language=dflt;mathfontdimen=xetex;mathfontdimen=tex2;"<6.57-9.3075>s*[0.9953571832716339]"[latinmodern-math.otf]:mode=base;script=math;language=dflt;mathfontdimen=xetex;mathfontdimen=tex2;+ssty=0;"<-6.57>s*[0.9953571832716339]"[latinmodern-math.otf]:mode=base;script=math;language=dflt;mathfontdimen=xetex;mathfontdimen=tex2;+ssty=1;"
(fontspec)             - 'bold' (b/n) with NFSS spec.:
(fontspec)             <->s*[0.9953571832716339]"[latinmodern-math.otf]:mode=base;script=math;language=dflt;mathfontdimen=xetex;mathfontdimen=tex2;"

LaTeX Font Info:    Encoding `OMS' has changed to `TU' for symbol font
(Font)              `symbols' in the math version `normal' on input line 308.
LaTeX Font Info:    Overwriting symbol font `symbols' in version `normal'
(Font)                  OMS/lmsy/m/n --> TU/latinmodern-math.otf(2)/m/n on input line 308.
LaTeX Font Info:    Encoding `OMS' has changed to `TU' for symbol font
(Font)              `symbols' in the math version `bold' on input line 308.
LaTeX Font Info:    Overwriting symbol font `symbols' in version `bold'
(Font)                  OMS/lmsy/b/n --> TU/latinmodern-math.otf(2)/b/n on input line 308.

Package fontspec Info: 
(fontspec)             latinmodern-math scale = 0.9953571832716339.


Package fontspec Info: 
(fontspec)             latinmodern-math scale = 0.9953571832716339.


Package fontspec Info: 
(fontspec)             latinmodern-math scale = 0.9953571832716339.


Package fontspec Info: 
(fontspec)             latinmodern-math scale = 0.9953571832716339.


Package fontspec Info: 
(fontspec)             latinmodern-math scale = 0.9953571832716339.


Package fontspec Info: 
(fontspec)             Font family 'latinmodern-math.otf(3)' created for font
(fontspec)             'latinmodern-math.otf' with options
(fontspec)             [Scale=MatchLowercase,Renderer=Basic,BoldItalicFont={},ItalicFont={},SmallCapsFont={},Script=Math,SizeFeatures={{Size=9.3075-},{Size=6.57-9.3075,Font=latinmodern-math.otf,Style=MathScript},{Size=-6.57,Font=latinmodern-math.otf,Style=MathScriptScript}},RawFeature={mathfontdimen=xetex},BoldFont={latinmodern-math.otf},RawFeature={mathfontdimen=tex3}].
(fontspec)              
(fontspec)              This font family consists of the following NFSS
(fontspec)             series/shapes:
(fontspec)              
(fontspec)             - 'normal' (m/n) with NFSS spec.:
(fontspec)             <9.3075->s*[0.9953571832716339]"[latinmodern-math.otf]:mode=base;script=math;language=dflt;mathfontdimen=xetex;mathfontdimen=tex3;"<6.57-9.3075>s*[0.9953571832716339]"[latinmodern-math.otf]:mode=base;script=math;language=dflt;mathfontdimen=xetex;mathfontdimen=tex3;+ssty=0;"<-6.57>s*[0.9953571832716339]"[latinmodern-math.otf]:mode=base;script=math;language=dflt;mathfontdimen=xetex;mathfontdimen=tex3;+ssty=1;"
(fontspec)             - 'bold' (b/n) with NFSS spec.:
(fontspec)             <->s*[0.9953571832716339]"[latinmodern-math.otf]:mode=base;script=math;language=dflt;mathfontdimen=xetex;mathfontdimen=tex3;"

LaTeX Font Info:    Encoding `OMX' has changed to `TU' for symbol font
(Font)              `largesymbols' in the math version `normal' on input line 308.
LaTeX Font Info:    Overwriting symbol font `largesymbols' in version `normal'
(Font)                  OMX/lmex/m/n --> TU/latinmodern-math.otf(3)/m/n on input line 308.
LaTeX Font Info:    Encoding `OMX' has changed to `TU' for symbol font
(Font)              `largesymbols' in the math version `bold' on input line 308.
LaTeX Font Info:    Overwriting symbol font `largesymbols' in version `bold'
(Font)                  OMX/lmex/m/n --> TU/latinmodern-math.otf(3)/b/n on input line 308.
LaTeX Font Info:    Font shape `TU/latinmodern-math.otf(1)/m/n' will be
(Font)              scaled to size 7.62943pt on input line 308.
LaTeX Font Info:    Font shape `TU/latinmodern-math.otf(1)/m/n' will be
(Font)              scaled to size 5.4496pt on input line 308.
LaTeX Font Info:    Trying to load font information for OML+lmm on input line 308.
(/Users/corrado/Library/TinyTeX/texmf-dist/tex/latex/lm/omllmm.fd
File: omllmm.fd 2015/05/01 v1.6.1 Font defs for Latin Modern
)
LaTeX Font Info:    Font shape `TU/latinmodern-math.otf(2)/m/n' will be
(Font)              scaled to size 10.8992pt on input line 308.
LaTeX Font Info:    Font shape `TU/latinmodern-math.otf(2)/m/n' will be
(Font)              scaled to size 7.62943pt on input line 308.
LaTeX Font Info:    Font shape `TU/latinmodern-math.otf(2)/m/n' will be
(Font)              scaled to size 5.4496pt on input line 308.
LaTeX Font Info:    Font shape `TU/latinmodern-math.otf(3)/m/n' will be
(Font)              scaled to size 10.8992pt on input line 308.
LaTeX Font Info:    Font shape `TU/latinmodern-math.otf(3)/m/n' will be
(Font)              scaled to size 7.62943pt on input line 308.
LaTeX Font Info:    Font shape `TU/latinmodern-math.otf(3)/m/n' will be
(Font)              scaled to size 5.4496pt on input line 308.
LaTeX Font Info:    Trying to load font information for U+msa on input line 308.
(/Users/corrado/Library/TinyTeX/texmf-dist/tex/latex/amsfonts/umsa.fd
File: umsa.fd 2013/01/14 v3.01 AMS symbols A
)
LaTeX Font Info:    Trying to load font information for U+msb on input line 308.
(/Users/corrado/Library/TinyTeX/texmf-dist/tex/latex/amsfonts/umsb.fd
File: umsb.fd 2013/01/14 v3.01 AMS symbols B
)
LaTeX Info: Redefining \microtypecontext on input line 308.
Package microtype Info: Applying patch `item' on input line 308.
Package microtype Info: Applying patch `toc' on input line 308.
Package microtype Info: Applying patch `eqnum' on input line 308.
Package microtype Info: Applying patch `footnote' on input line 308.
Package microtype Info: Applying patch `verbatim' on input line 308.
LaTeX Info: Redefining \microtypesetup on input line 308.
Package microtype Info: Generating PDF output.
Package microtype Info: Character protrusion enabled (level 2).
Package microtype Info: Using protrusion set `basicmath'.
Package microtype Info: Automatic font expansion enabled (level 2),
(microtype)             stretch: 20, shrink: 20, step: 1, non-selected.
Package microtype Info: Using default expansion set `alltext-nott'.
Package microtype Info: Patching command `\showhyphens'.
Package microtype Info: No adjustment of tracking.
Package microtype Info: No adjustment of spacing.
Package microtype Info: No adjustment of kerning.
Package microtype Info: Loading generic protrusion settings for font family
(microtype)             `LibertinusSerif' (encoding: TU).
(microtype)             For optimal results, create family-specific settings.
(microtype)             See the microtype manual for details.
LaTeX Font Info:    Font shape `TU/LibertinusSans(0)/m/n' will be
(Font)              scaled to size 10.21198pt on input line 308.
Package microtype Info: Loading generic protrusion settings for font family
(microtype)             `LibertinusSans' (encoding: TU).
(microtype)             For optimal results, create family-specific settings.
(microtype)             See the microtype manual for details.

Package babel Info: The following font families will use the default
(babel)             settings for all or some languages:
(babel)             * \sffamily = LibertinusSans(0)
(babel)               "name:Libertinus Sans:mode=node;script=latn;language=dflt;+tlig;" at 10.21198pt
(babel)             * \ttfamily = lmtt
(babel)               [lmmono10-regular]: at 10.95pt
(babel)             There is nothing intrinsically wrong with it, but
(babel)             'babel' will no set Script and Language, which could
(babel)             be relevant in some languages. If your document uses
(babel)             these families, consider redefining them with \babelfont.
(babel)             Reported on input line 308.

Removing  `Babel.pre_otfload_h' from `hpack_filter'.
Removing  `luaotfload.node_processor' from `hpack_filter'.
Removing  `luaotfload.harf.finalize_hlist' from `hpack_filter'.
Inserting `Babel.math_box_dir' in `hpack_filter'.
Inserting `Babel.pre_otfload_h' in `hpack_filter'.
Inserting `luaotfload.node_processor' in `hpack_filter'.
Inserting `luaotfload.harf.finalize_hlist' in `hpack_filter'.
Inserting `Babel.unset_atdir' in `pre_linebreak_filter'.
Inserting `Babel.unset_atdir' in `hpack_filter'.
Inserting `Babel.ensure_math_dir' in `post_mlist_to_hlist_filter'.
Package caption Info: Begin \AtBeginDocument code.
Package caption Info: float package is loaded.
Package caption Info: hyperref package is loaded.
Package caption Info: End \AtBeginDocument code.
Package hyperref Info: Link coloring ON on input line 308.
\g__cctab_next_cctab=\catcodetable19
Package babel Info: Main language set to 'italian'.
LaTeX Font Info:    Font shape `TU/LibertinusSans(0)/b/n' will be
(Font)              scaled to size 10.95pt on input line 311.
LaTeX Font Info:    Font shape `TU/LibertinusSans(0)/b/n' will be
(Font)              scaled to size 20.74pt on input line 311.
LaTeX Font Info:    Font shape `TU/LibertinusSans(0)/b/n' will be
(Font)              scaled to size 12.0pt on input line 311.
LaTeX Font Info:    Font shape `TU/LibertinusSerif(2)/m/n' will be
(Font)              scaled to size 14.4pt on input line 311.
[1





{/Users/corrado/Library/TinyTeX/texmf-var/fonts/map/pdftex/updmap/pdftex.map}] [2


]
LaTeX Font Info:    Font shape `TU/LibertinusSerif(2)/b/n' will be
(Font)              scaled to size 10.95pt on input line 323.
LaTeX Font Info:    Font shape `TU/LibertinusSerif(2)/m/it' will be
(Font)              scaled to size 10.95pt on input line 325.
LaTeX Font Info:    Font shape `TU/LibertinusSans(0)/b/n' will be
(Font)              scaled to size 14.4pt on input line 332.
Missing character: There is no ⭐ (U+2B50) in font "name:Libertinus Serif:mode=node;script=latn;language=ITA;+tlig;family=rm;"!
Missing character: There is no ⭐ (U+2B50) in font "name:Libertinus Serif:mode=node;script=latn;language=ITA;+tlig;family=rm;"!
Missing character: There is no ⭐ (U+2B50) in font "name:Libertinus Serif:mode=node;script=latn;language=ITA;+tlig;family=rm;"!
Missing character: There is no ⭐ (U+2B50) in font "name:Libertinus Serif:mode=node;script=latn;language=ITA;+tlig;family=rm;"!
Missing character: There is no ⭐ (U+2B50) in font "name:Libertinus Serif:mode=node;script=latn;language=ITA;+tlig;family=rm;"!
Missing character: There is no ⭐ (U+2B50) in font "name:Libertinus Serif:mode=node;script=latn;language=ITA;+tlig;family=rm;"!
Missing character: There is no ⭐ (U+2B50) in font "name:Libertinus Serif:mode=node;script=latn;language=ITA;+tlig;family=rm;"!
Missing character: There is no ⭐ (U+2B50) in font "name:Libertinus Serif:mode=node;script=latn;language=ITA;+tlig;family=rm;"!
Missing character: There is no ⭐ (U+2B50) in font "name:Libertinus Serif:mode=node;script=latn;language=ITA;+tlig;family=rm;"!
Missing character: There is no ⭐ (U+2B50) in font "name:Libertinus Serif:mode=node;script=latn;language=ITA;+tlig;family=rm;"!
Missing character: There is no ⭐ (U+2B50) in font "name:Libertinus Serif:mode=node;script=latn;language=ITA;+tlig;family=rm;"!
Missing character: There is no ⭐ (U+2B50) in font "name:Libertinus Serif:mode=node;script=latn;language=ITA;+tlig;family=rm;"!
LaTeX Font Info:    Font shape `TU/LibertinusSerif(2)/m/sl' in size <10.95> not available
(Font)              Font shape `TU/LibertinusSerif(2)/m/it' tried instead on input line 381.
LaTeX Font Info:    Font shape `TU/LibertinusSerif(2)/m/it' will be
(Font)              scaled to size 10.95pt on input line 381.
[1

]
LaTeX Font Info:    Font shape `TU/LibertinusSerif(2)/m/n' will be
(Font)              scaled to size 10.0pt on input line 384.
LaTeX Font Info:    Font shape `TU/latinmodern-math.otf(1)/m/n' will be
(Font)              scaled to size 9.95361pt on input line 385.
LaTeX Font Info:    Font shape `TU/latinmodern-math.otf(1)/m/n' will be
(Font)              scaled to size 6.96753pt on input line 385.
LaTeX Font Info:    Font shape `TU/latinmodern-math.otf(1)/m/n' will be
(Font)              scaled to size 4.9768pt on input line 385.
LaTeX Font Info:    Font shape `TU/latinmodern-math.otf(2)/m/n' will be
(Font)              scaled to size 9.95361pt on input line 385.
LaTeX Font Info:    Font shape `TU/latinmodern-math.otf(2)/m/n' will be
(Font)              scaled to size 6.96753pt on input line 385.
LaTeX Font Info:    Font shape `TU/latinmodern-math.otf(2)/m/n' will be
(Font)              scaled to size 4.9768pt on input line 385.
LaTeX Font Info:    Font shape `TU/latinmodern-math.otf(3)/m/n' will be
(Font)              scaled to size 9.95361pt on input line 385.
LaTeX Font Info:    Font shape `TU/latinmodern-math.otf(3)/m/n' will be
(Font)              scaled to size 6.96753pt on input line 385.
LaTeX Font Info:    Font shape `TU/latinmodern-math.otf(3)/m/n' will be
(Font)              scaled to size 4.9768pt on input line 385.
(/Users/corrado/Library/TinyTeX/texmf-dist/tex/latex/microtype/mt-msa.cfg
File: mt-msa.cfg 2006/02/04 v1.1 microtype config. file: AMS symbols (a) (RS)
) (/Users/corrado/Library/TinyTeX/texmf-dist/tex/latex/microtype/mt-msb.cfg
File: mt-msb.cfg 2005/06/01 v1.0 microtype config. file: AMS symbols (b) (RS)
)
LaTeX Font Info:    Font shape `TU/LibertinusSerif(2)/b/n' will be
(Font)              scaled to size 10.0pt on input line 387.
Missing character: There is no ⏱ (U+23F1) in font "name:Libertinus Serif/B:mode=node;script=latn;language=ITA;+tlig;family=rm;"!
Missing character: There is no ⏱ (U+23F1) in font "name:Libertinus Serif/B:mode=node;script=latn;language=ITA;+tlig;family=rm;"!
Missing character: There is no 📊 (U+1F4CA) in font "name:Libertinus Serif/B:mode=node;script=latn;language=ITA;+tlig;family=rm;"!
Missing character: There is no 📊 (U+1F4CA) in font "name:Libertinus Serif/B:mode=node;script=latn;language=ITA;+tlig;family=rm;"!
Missing character: There is no 🔗 (U+1F517) in font "name:Libertinus Serif/B:mode=node;script=latn;language=ITA;+tlig;family=rm;"!
Missing character: There is no 🔗 (U+1F517) in font "name:Libertinus Serif/B:mode=node;script=latn;language=ITA;+tlig;family=rm;"!
Missing character: There is no ⭐ (U+2B50) in font "name:Libertinus Serif:mode=node;script=latn;language=ITA;+tlig;family=rm;"!
Missing character: There is no ⭐ (U+2B50) in font "name:Libertinus Serif:mode=node;script=latn;language=ITA;+tlig;family=rm;"!
Missing character: There is no 📘 (U+1F4D8) in font "name:Libertinus Serif:mode=node;script=latn;language=ITA;+tlig;family=rm;"!
Missing character: There is no 📘 (U+1F4D8) in font "name:Libertinus Serif:mode=node;script=latn;language=ITA;+tlig;family=rm;"!
Missing character: There is no ⭐ (U+2B50) in font "name:Libertinus Serif:mode=node;script=latn;language=ITA;+tlig;family=rm;"!
Missing character: There is no ⭐ (U+2B50) in font "name:Libertinus Serif:mode=node;script=latn;language=ITA;+tlig;family=rm;"!
Missing character: There is no ⭐ (U+2B50) in font "name:Libertinus Serif:mode=node;script=latn;language=ITA;+tlig;family=rm;"!
Missing character: There is no ⭐ (U+2B50) in font "name:Libertinus Serif:mode=node;script=latn;language=ITA;+tlig;family=rm;"!
Missing character: There is no 📘 (U+1F4D8) in font "name:Libertinus Serif:mode=node;script=latn;language=ITA;+tlig;family=rm;"!
Missing character: There is no 📘 (U+1F4D8) in font "name:Libertinus Serif:mode=node;script=latn;language=ITA;+tlig;family=rm;"!
Missing character: There is no ⭐ (U+2B50) in font "name:Libertinus Serif:mode=node;script=latn;language=ITA;+tlig;family=rm;"!
Missing character: There is no ⭐ (U+2B50) in font "name:Libertinus Serif:mode=node;script=latn;language=ITA;+tlig;family=rm;"!
Missing character: There is no ⭐ (U+2B50) in font "name:Libertinus Serif:mode=node;script=latn;language=ITA;+tlig;family=rm;"!
Missing character: There is no ⭐ (U+2B50) in font "name:Libertinus Serif:mode=node;script=latn;language=ITA;+tlig;family=rm;"!
Missing character: There is no 📘 (U+1F4D8) in font "name:Libertinus Serif:mode=node;script=latn;language=ITA;+tlig;family=rm;"!
Missing character: There is no 📘 (U+1F4D8) in font "name:Libertinus Serif:mode=node;script=latn;language=ITA;+tlig;family=rm;"!
Missing character: There is no ⭐ (U+2B50) in font "name:Libertinus Serif:mode=node;script=latn;language=ITA;+tlig;family=rm;"!
Missing character: There is no ⭐ (U+2B50) in font "name:Libertinus Serif:mode=node;script=latn;language=ITA;+tlig;family=rm;"!
Missing character: There is no ⭐ (U+2B50) in font "name:Libertinus Serif:mode=node;script=latn;language=ITA;+tlig;family=rm;"!
Missing character: There is no ⭐ (U+2B50) in font "name:Libertinus Serif:mode=node;script=latn;language=ITA;+tlig;family=rm;"!
Missing character: There is no ⭐ (U+2B50) in font "name:Libertinus Serif:mode=node;script=latn;language=ITA;+tlig;family=rm;"!
Missing character: There is no ⭐ (U+2B50) in font "name:Libertinus Serif:mode=node;script=latn;language=ITA;+tlig;family=rm;"!
Missing character: There is no 📘 (U+1F4D8) in font "name:Libertinus Serif:mode=node;script=latn;language=ITA;+tlig;family=rm;"!
Missing character: There is no 📘 (U+1F4D8) in font "name:Libertinus Serif:mode=node;script=latn;language=ITA;+tlig;family=rm;"!
Missing character: There is no ⭐ (U+2B50) in font "name:Libertinus Serif:mode=node;script=latn;language=ITA;+tlig;family=rm;"!
Missing character: There is no ⭐ (U+2B50) in font "name:Libertinus Serif:mode=node;script=latn;language=ITA;+tlig;family=rm;"!
Missing character: There is no 📚 (U+1F4DA) in font "name:Libertinus Serif:mode=node;script=latn;language=ITA;+tlig;family=rm;"!
Missing character: There is no 📚 (U+1F4DA) in font "name:Libertinus Serif:mode=node;script=latn;language=ITA;+tlig;family=rm;"!

Overfull \hbox (352.48232pt too wide) in alignment at lines 385--395
[] [] [] [] []
 []

(/Users/corrado/Library/TinyTeX/texmf-dist/tex/latex/microtype/mt-TU-empty.cfg
File: mt-TU-empty.cfg 2021/06/22 v1.1 microtype config. file: fonts with nonstandard glyph set (RS)
)
Missing character: There is no 🎯 (U+1F3AF) in font "name:Libertinus Serif:mode=node;script=latn;language=ITA;+tlig;family=rm;"!
Missing character: There is no 🎯 (U+1F3AF) in font "name:Libertinus Serif:mode=node;script=latn;language=ITA;+tlig;family=rm;"!
Missing character: There is no ⚠ (U+26A0) in font "name:Libertinus Serif:mode=node;script=latn;language=ITA;+tlig;family=rm;"!
Missing character: There is no ⚠ (U+26A0) in font "name:Libertinus Serif:mode=node;script=latn;language=ITA;+tlig;family=rm;"!
[2
Missing character: There is no ⏱ (U+23F1) in font "name:Libertinus Serif/B:mode=node;script=latn;language=ITA;+tlig;family=rm;"!
Missing character: There is no 📊 (U+1F4CA) in font "name:Libertinus Serif/B:mode=node;script=latn;language=ITA;+tlig;family=rm;"!
Missing character: There is no 🔗 (U+1F517) in font "name:Libertinus Serif/B:mode=node;script=latn;language=ITA;+tlig;family=rm;"!
Missing character: There is no ⭐ (U+2B50) in font "name:Libertinus Serif:mode=node;script=latn;language=ITA;+tlig;family=rm;"!
Missing character: There is no 📘 (U+1F4D8) in font "name:Libertinus Serif:mode=node;script=latn;language=ITA;+tlig;family=rm;"!
Missing character: There is no ⭐ (U+2B50) in font "name:Libertinus Serif:mode=node;script=latn;language=ITA;+tlig;family=rm;"!
Missing character: There is no ⭐ (U+2B50) in font "name:Libertinus Serif:mode=node;script=latn;language=ITA;+tlig;family=rm;"!
Missing character: There is no 📘 (U+1F4D8) in font "name:Libertinus Serif:mode=node;script=latn;language=ITA;+tlig;family=rm;"!
Missing character: There is no ⭐ (U+2B50) in font "name:Libertinus Serif:mode=node;script=latn;language=ITA;+tlig;family=rm;"!
Missing character: There is no ⭐ (U+2B50) in font "name:Libertinus Serif:mode=node;script=latn;language=ITA;+tlig;family=rm;"!
Missing character: There is no 📘 (U+1F4D8) in font "name:Libertinus Serif:mode=node;script=latn;language=ITA;+tlig;family=rm;"!
Missing character: There is no ⭐ (U+2B50) in font "name:Libertinus Serif:mode=node;script=latn;language=ITA;+tlig;family=rm;"!
Missing character: There is no ⭐ (U+2B50) in font "name:Libertinus Serif:mode=node;script=latn;language=ITA;+tlig;family=rm;"!
Missing character: There is no ⭐ (U+2B50) in font "name:Libertinus Serif:mode=node;script=latn;language=ITA;+tlig;family=rm;"!
Missing character: There is no 📘 (U+1F4D8) in font "name:Libertinus Serif:mode=node;script=latn;language=ITA;+tlig;family=rm;"!
Missing character: There is no ⭐ (U+2B50) in font "name:Libertinus Serif:mode=node;script=latn;language=ITA;+tlig;family=rm;"!
Missing character: There is no 📚 (U+1F4DA) in font "name:Libertinus Serif:mode=node;script=latn;language=ITA;+tlig;family=rm;"!
Missing character: There is no ⭐ (U+2B50) in font "name:Libertinus Serif:mode=node;script=latn;language=ITA;+tlig;family=rm;"!
Missing character: There is no ⭐ (U+2B50) in font "name:Libertinus Serif:mode=node;script=latn;language=ITA;+tlig;family=rm;"!
Missing character: There is no ⭐ (U+2B50) in font "name:Libertinus Serif:mode=node;script=latn;language=ITA;+tlig;family=rm;"!
Missing character: There is no ⭐ (U+2B50) in font "name:Libertinus Serif:mode=node;script=latn;language=ITA;+tlig;family=rm;"!
Missing character: There is no ⭐ (U+2B50) in font "name:Libertinus Serif:mode=node;script=latn;language=ITA;+tlig;family=rm;"!
Missing character: There is no ⭐ (U+2B50) in font "name:Libertinus Serif:mode=node;script=latn;language=ITA;+tlig;family=rm;"!
Missing character: There is no 🎯 (U+1F3AF) in font "name:Libertinus Serif:mode=node;script=latn;language=ITA;+tlig;family=rm;"!
Missing character: There is no ⚠ (U+26A0) in font "name:Libertinus Serif:mode=node;script=latn;language=ITA;+tlig;family=rm;"!
] [3]
part I.
Package scrkbase Info: You've told me to use the font selection of the element
(scrkbase)             `partprefix' that is an alias of element `partnumber'
(scrkbase)              on input line 478.
LaTeX Font Info:    Font shape `TU/LibertinusSans(0)/b/n' will be
(Font)              scaled to size 24.88pt on input line 478.
[4

]
chapter 1.
[5

]

LaTeX Warning: Reference `sec-apx-math-symbols' on page 6 undefined on input line 580.


LaTeX Warning: Reference `sec-apx-numbers' on page 6 undefined on input line 582.


LaTeX Warning: Citation `ref-spiegelhalter2024probability' on page 6 undefined on input line 607.

[6]

LaTeX Warning: Citation `ref-de2017theory' on page 7 undefined on input line 691.

[7]

LaTeX Warning: Citation `ref-heard2021introduction' on page 8 undefined on input line 727.


LaTeX Warning: Citation `ref-heard2021introduction' on page 8 undefined on input line 740.

[8]

LaTeX Warning: Citation `ref-jackson2020relationship' on page 9 undefined on input line 773.

[9]

LaTeX Warning: Reference `sec-prob-axioms-coherence' on page 10 undefined on input line 870.


LaTeX Warning: Citation `ref-griffiths2024bayesian' on page 10 undefined on input line 886.


LaTeX Warning: Citation `ref-gelman1995bayesian' on page 10 undefined on input line 924.


LaTeX Warning: Citation `ref-Johnson2022bayesrules' on page 10 undefined on input line 925.


LaTeX Warning: Citation `ref-doing_bayesian_data_an' on page 10 undefined on input line 926.


LaTeX Warning: Citation `ref-McElreath_rethinking' on page 10 undefined on input line 927.

[10]
LaTeX Font Info:    Font shape `TU/LibertinusSerif(1)/m/n' will be
(Font)              scaled to size 10.95pt on input line 945.
LaTeX Font Info:    Font shape `TU/LibertinusSerif(1)/m/n' will be
(Font)              scaled to size 7.665pt on input line 945.
LaTeX Font Info:    Font shape `TU/LibertinusSerif(1)/m/n' will be
(Font)              scaled to size 5.475pt on input line 945.
LaTeX Font Info:    Font shape `TU/LibertinusSerif(2)/m/n' will be
(Font)              scaled to size 7.665pt on input line 945.
LaTeX Font Info:    Font shape `TU/LibertinusSerif(2)/m/n' will be
(Font)              scaled to size 5.475pt on input line 945.
[11] [12]
<chapters/probability/01_intro_prob_bayesian_files/figure-pdf/unnamed-chunk-2-1.png, id=103, 505.89pt x 312.4473pt>
File: chapters/probability/01_intro_prob_bayesian_files/figure-pdf/unnamed-chunk-2-1.png Graphic file (type png)
<use chapters/probability/01_intro_prob_bayesian_files/figure-pdf/unnamed-chunk-2-1.png>
Package luatex.def Info: chapters/probability/01_intro_prob_bayesian_files/figure-pdf/unnamed-chunk-2-1.png  used on input line 1068.
(luatex.def)             Requested size: 374.87764pt x 231.53156pt.
[13<./chapters/probability/01_intro_prob_bayesian_files/figure-pdf/unnamed-chunk-2-1.png>] [14] [15]

LaTeX Warning: Reference `sec-prob-axioms-coherence' on page 16 undefined on input line 1337.

[16]
Underfull \vbox (badness 10000) has occurred while \output is active []

[17]
Underfull \vbox (badness 10000) has occurred while \output is active []

[18]

Package tcolorbox Warning: The upper box part has become overfull on input line 1404.

[19] [20

]
chapter 2.

LaTeX Warning: Reference `sec-prob-interpretation' on page 21 undefined on input line 1458.


LaTeX Warning: Reference `sec-apx-sums' on page 21 undefined on input line 1466.


LaTeX Warning: Reference `sec-apx-sets' on page 21 undefined on input line 1468.

[21

]
LaTeX Font Info:    Font shape `TU/lmtt/bx/n' in size <10.95> not available
(Font)              Font shape `TU/lmtt/b/n' tried instead on input line 1511.
[22] [23] [24]
Underfull \hbox (badness 10000) in paragraph at lines 1799--1800

 []


Underfull \hbox (badness 10000) in paragraph at lines 1802--1803

 []

[25] [26]
LaTeX Font Info:    Font shape `TU/LibertinusSerif(2)/b/it' will be
(Font)              scaled to size 10.95pt on input line 1890.

Underfull \hbox (badness 10000) in paragraph at lines 1890--1891

 []


Underfull \hbox (badness 10000) in paragraph at lines 1893--1894

 []


Underfull \hbox (badness 10000) in paragraph at lines 1899--1900

 []


Underfull \hbox (badness 10000) in paragraph at lines 1902--1903

 []


Underfull \hbox (badness 10000) in paragraph at lines 1949--1951

 []

[27]
Missing character: There is no ∩ (U+2229) in font [lmmono10-regular]:!
Missing character: There is no ∩ (U+2229) in font [lmmono10-regular]:!
Missing character: There is no ∩ (U+2229) in font [lmmono10-regular]:!
<chapters/probability/02_axioms_coherence_bayesian_files/figure-pdf/unnamed-chunk-2-1.png, id=216, 505.89pt x 312.4473pt>
File: chapters/probability/02_axioms_coherence_bayesian_files/figure-pdf/unnamed-chunk-2-1.png Graphic file (type png)
<use chapters/probability/02_axioms_coherence_bayesian_files/figure-pdf/unnamed-chunk-2-1.png>
Package luatex.def Info: chapters/probability/02_axioms_coherence_bayesian_files/figure-pdf/unnamed-chunk-2-1.png  used on input line 2085.
(luatex.def)             Requested size: 415.70474pt x 256.74716pt.
[28]
Underfull \vbox (badness 10000) has occurred while \output is active []

[29
Missing character: There is no ∩ (U+2229) in font [lmmono10-regular]:!
Missing character: There is no ∩ (U+2229) in font [lmmono10-regular]:!
Missing character: There is no ∩ (U+2229) in font [lmmono10-regular]:!
] [30<./chapters/probability/02_axioms_coherence_bayesian_files/figure-pdf/unnamed-chunk-2-1.png>]

Package longtable Warning: Column widths have changed
(longtable)                in none 1 on input line 2152.

<chapters/probability/02_axioms_coherence_bayesian_files/figure-pdf/unnamed-chunk-4-1.png, id=236, 505.89pt x 312.4473pt>
File: chapters/probability/02_axioms_coherence_bayesian_files/figure-pdf/unnamed-chunk-4-1.png Graphic file (type png)
<use chapters/probability/02_axioms_coherence_bayesian_files/figure-pdf/unnamed-chunk-4-1.png>
Package luatex.def Info: chapters/probability/02_axioms_coherence_bayesian_files/figure-pdf/unnamed-chunk-4-1.png  used on input line 2232.
(luatex.def)             Requested size: 353.34865pt x 218.23485pt.

Underfull \vbox (badness 1389) has occurred while \output is active []

[31] [32<./chapters/probability/02_axioms_coherence_bayesian_files/figure-pdf/unnamed-chunk-4-1.png>]

LaTeX Warning: Reference `sec-prob-bayes-theorem' on page 33 undefined on input line 2281.

Missing character: There is no ∩ (U+2229) in font [lmmono10-regular]:!
Missing character: There is no ∩ (U+2229) in font [lmmono10-regular]:!
Missing character: There is no ∩ (U+2229) in font [lmmono10-regular]:!
Missing character: There is no ∩ (U+2229) in font [lmmono10-regular]:!
Missing character: There is no ∩ (U+2229) in font [lmmono10-regular]:!
Missing character: There is no ∩ (U+2229) in font [lmmono10-regular]:!
Missing character: There is no ∩ (U+2229) in font [lmmono10-regular]:!
Missing character: There is no ∩ (U+2229) in font [lmmono10-regular]:!
<chapters/probability/02_axioms_coherence_bayesian_files/figure-pdf/unnamed-chunk-8-1.png, id=250, 505.89pt x 312.4473pt>
File: chapters/probability/02_axioms_coherence_bayesian_files/figure-pdf/unnamed-chunk-8-1.png Graphic file (type png)
<use chapters/probability/02_axioms_coherence_bayesian_files/figure-pdf/unnamed-chunk-8-1.png>
Package luatex.def Info: chapters/probability/02_axioms_coherence_bayesian_files/figure-pdf/unnamed-chunk-8-1.png  used on input line 2330.
(luatex.def)             Requested size: 353.34865pt x 218.23485pt.
[33]
<chapters/probability/02_axioms_coherence_bayesian_files/figure-pdf/unnamed-chunk-10-1.png, id=257, 505.89pt x 312.4473pt>
File: chapters/probability/02_axioms_coherence_bayesian_files/figure-pdf/unnamed-chunk-10-1.png Graphic file (type png)
<use chapters/probability/02_axioms_coherence_bayesian_files/figure-pdf/unnamed-chunk-10-1.png>
Package luatex.def Info: chapters/probability/02_axioms_coherence_bayesian_files/figure-pdf/unnamed-chunk-10-1.png  used on input line 2371.
(luatex.def)             Requested size: 353.34865pt x 218.23485pt.

Underfull \vbox (badness 10000) has occurred while \output is active []

[34
Missing character: There is no ∩ (U+2229) in font [lmmono10-regular]:!
Missing character: There is no ∩ (U+2229) in font [lmmono10-regular]:!
Missing character: There is no ∩ (U+2229) in font [lmmono10-regular]:!
Missing character: There is no ∩ (U+2229) in font [lmmono10-regular]:!
Missing character: There is no ∩ (U+2229) in font [lmmono10-regular]:!
Missing character: There is no ∩ (U+2229) in font [lmmono10-regular]:!
Missing character: There is no ∩ (U+2229) in font [lmmono10-regular]:!
Missing character: There is no ∩ (U+2229) in font [lmmono10-regular]:!
<./chapters/probability/02_axioms_coherence_bayesian_files/figure-pdf/unnamed-chunk-8-1.png>]
warning  (pdf backend): ignoring duplicate destination with the name 'subsection.2.5.1'
[35<./chapters/probability/02_axioms_coherence_bayesian_files/figure-pdf/unnamed-chunk-10-1.png>]
warning  (pdf backend): ignoring duplicate destination with the name 'subsection.2.5.2'

warning  (pdf backend): ignoring duplicate destination with the name 'subsection.2.5.3'

LaTeX Warning: Reference `sec-equiprobability-combinatorics' on page 36 undefined on input line 2531.

[36]
warning  (pdf backend): ignoring duplicate destination with the name 'subsection.2.5.1'

warning  (pdf backend): ignoring duplicate destination with the name 'subsection.2.5.2'

warning  (pdf backend): ignoring duplicate destination with the name 'subsection.2.5.3'

Package longtable Warning: Column widths have changed
(longtable)                in none 2 on input line 2627.


warning  (pdf backend): ignoring duplicate destination with the name 'subsection.2.5.4'

warning  (pdf backend): ignoring duplicate destination with the name 'subsection.2.5.5'

warning  (pdf backend): ignoring duplicate destination with the name 'subsection.2.5.6'
[37] [38] [39]
Missing character: There is no ✓ (U+2713) in font "name:Libertinus Serif:mode=node;script=latn;language=ITA;+tlig;family=rm;"!
Missing character: There is no ✓ (U+2713) in font "name:Libertinus Serif:mode=node;script=latn;language=ITA;+tlig;family=rm;"!
Missing character: There is no ✓ (U+2713) in font "name:Libertinus Serif:mode=node;script=latn;language=ITA;+tlig;family=rm;"!
Missing character: There is no ✓ (U+2713) in font "name:Libertinus Serif:mode=node;script=latn;language=ITA;+tlig;family=rm;"!

Underfull \hbox (badness 10000) in paragraph at lines 2803--2805

 []

Missing character: There is no ✗ (U+2717) in font "name:Libertinus Serif:mode=node;script=latn;language=ITA;+tlig;family=rm;"!
Missing character: There is no ✗ (U+2717) in font "name:Libertinus Serif:mode=node;script=latn;language=ITA;+tlig;family=rm;"!
Missing character: There is no ✗ (U+2717) in font "name:Libertinus Serif:mode=node;script=latn;language=ITA;+tlig;family=rm;"!
Missing character: There is no ✗ (U+2717) in font "name:Libertinus Serif:mode=node;script=latn;language=ITA;+tlig;family=rm;"!

Underfull \hbox (badness 10000) in paragraph at lines 2805--2807

 []

Missing character: There is no ✓ (U+2713) in font "name:Libertinus Serif:mode=node;script=latn;language=ITA;+tlig;family=rm;"!
Missing character: There is no ✓ (U+2713) in font "name:Libertinus Serif:mode=node;script=latn;language=ITA;+tlig;family=rm;"!
Missing character: There is no ✓ (U+2713) in font [lmmono10-regular]:!
Missing character: There is no ∩ (U+2229) in font [lmmono10-regular]:!
Missing character: There is no ∈ (U+2208) in font [lmmono10-regular]:!
Missing character: There is no ✗ (U+2717) in font [lmmono10-regular]:!
Missing character: There is no ∩ (U+2229) in font [lmmono10-regular]:!

Package longtable Warning: Column widths have changed
(longtable)                in none 3 on input line 2896.

Missing character: There is no ≈ (U+2248) in font [lmmono10-regular]:!
Missing character: There is no ≈ (U+2248) in font [lmmono10-regular]:!
Missing character: There is no ∩ (U+2229) in font [lmmono10-regular]:!
Missing character: There is no ≠ (U+2260) in font [lmmono10-regular]:!
Missing character: There is no ∪ (U+222A) in font [lmmono10-regular]:!
Missing character: There is no ≈ (U+2248) in font [lmmono10-regular]:!
Missing character: There is no ≈ (U+2248) in font [lmmono10-regular]:!

Underfull \vbox (badness 10000) has occurred while \output is active []

[40
Missing character: There is no ✓ (U+2713) in font "name:Libertinus Serif:mode=node;script=latn;language=ITA;+tlig;family=rm;"!
Missing character: There is no ✗ (U+2717) in font "name:Libertinus Serif:mode=node;script=latn;language=ITA;+tlig;family=rm;"!
Missing character: There is no ✓ (U+2713) in font "name:Libertinus Serif:mode=node;script=latn;language=ITA;+tlig;family=rm;"!
] [41
Missing character: There is no ✓ (U+2713) in font [lmmono10-regular]:!
Missing character: There is no ∩ (U+2229) in font [lmmono10-regular]:!
Missing character: There is no ∈ (U+2208) in font [lmmono10-regular]:!
Missing character: There is no ✗ (U+2717) in font [lmmono10-regular]:!
Missing character: There is no ∩ (U+2229) in font [lmmono10-regular]:!
] [42
Missing character: There is no ≈ (U+2248) in font [lmmono10-regular]:!
Missing character: There is no ≈ (U+2248) in font [lmmono10-regular]:!
Missing character: There is no ∩ (U+2229) in font [lmmono10-regular]:!
Missing character: There is no ≠ (U+2260) in font [lmmono10-regular]:!
Missing character: There is no ∪ (U+222A) in font [lmmono10-regular]:!
Missing character: There is no ≈ (U+2248) in font [lmmono10-regular]:!
Missing character: There is no ≈ (U+2248) in font [lmmono10-regular]:!
]
Underfull \vbox (badness 10000) has occurred while \output is active []

[43]
Underfull \vbox (badness 10000) has occurred while \output is active []

[44]

Package tcolorbox Warning: The upper box part has become overfull on input line 3057.

[45] [46

]
chapter 3.

LaTeX Warning: Reference `sec-prob-interpretation' on page 47 undefined on input line 3119.


LaTeX Warning: Reference `sec-prob-axioms-coherence' on page 47 undefined on input line 3121.


LaTeX Warning: Reference `sec-apx-sets' on page 47 undefined on input line 3129.


LaTeX Warning: Reference `sec-apx-combinatorics' on page 47 undefined on input line 3131.

[47

] [48]
LaTeX Font Info:    Font shape `TU/LibertinusSerif(2)/m/it' will be
(Font)              scaled to size 7.665pt on input line 3292.
LaTeX Font Info:    Font shape `TU/LibertinusSerif(2)/m/it' will be
(Font)              scaled to size 5.475pt on input line 3292.
[49] [50]
LaTeX Font Info:    Font shape `TU/latinmodern-math.otf(1)/m/n' will be
(Font)              scaled to size 11.94434pt on input line 3403.
LaTeX Font Info:    Font shape `TU/latinmodern-math.otf(1)/m/n' will be
(Font)              scaled to size 7.96289pt on input line 3403.
LaTeX Font Info:    Font shape `TU/latinmodern-math.otf(1)/m/n' will be
(Font)              scaled to size 5.97217pt on input line 3403.
LaTeX Font Info:    Font shape `TU/LibertinusSerif(1)/m/n' will be
(Font)              scaled to size 12.0pt on input line 3403.
LaTeX Font Info:    Font shape `TU/LibertinusSerif(1)/m/n' will be
(Font)              scaled to size 8.0pt on input line 3403.
LaTeX Font Info:    Font shape `TU/LibertinusSerif(1)/m/n' will be
(Font)              scaled to size 6.0pt on input line 3403.
LaTeX Font Info:    Font shape `TU/latinmodern-math.otf(2)/m/n' will be
(Font)              scaled to size 11.94434pt on input line 3403.
LaTeX Font Info:    Font shape `TU/latinmodern-math.otf(2)/m/n' will be
(Font)              scaled to size 7.96289pt on input line 3403.
LaTeX Font Info:    Font shape `TU/latinmodern-math.otf(2)/m/n' will be
(Font)              scaled to size 5.97217pt on input line 3403.
LaTeX Font Info:    Font shape `TU/latinmodern-math.otf(3)/m/n' will be
(Font)              scaled to size 11.94434pt on input line 3403.
LaTeX Font Info:    Font shape `TU/latinmodern-math.otf(3)/m/n' will be
(Font)              scaled to size 7.96289pt on input line 3403.
LaTeX Font Info:    Font shape `TU/latinmodern-math.otf(3)/m/n' will be
(Font)              scaled to size 5.97217pt on input line 3403.

Underfull \vbox (badness 10000) has occurred while \output is active []

[51] [52] [53] [54]
<chapters/probability/03_equiprobability_combinatorics_bayesian_files/figure-pdf/unnamed-chunk-3-1.png, id=454, 505.89pt x 312.4473pt>
File: chapters/probability/03_equiprobability_combinatorics_bayesian_files/figure-pdf/unnamed-chunk-3-1.png Graphic file (type png)
<use chapters/probability/03_equiprobability_combinatorics_bayesian_files/figure-pdf/unnamed-chunk-3-1.png>
Package luatex.def Info: chapters/probability/03_equiprobability_combinatorics_bayesian_files/figure-pdf/unnamed-chunk-3-1.png  used on input line 3671.
(luatex.def)             Requested size: 374.87764pt x 231.53156pt.

Underfull \hbox (badness 10000) in paragraph at lines 3680--3681

 []

[55<./chapters/probability/03_equiprobability_combinatorics_bayesian_files/figure-pdf/unnamed-chunk-3-1.png>]
<chapters/probability/03_equiprobability_combinatorics_bayesian_files/figure-pdf/unnamed-chunk-4-1.png, id=460, 505.89pt x 312.4473pt>
File: chapters/probability/03_equiprobability_combinatorics_bayesian_files/figure-pdf/unnamed-chunk-4-1.png Graphic file (type png)
<use chapters/probability/03_equiprobability_combinatorics_bayesian_files/figure-pdf/unnamed-chunk-4-1.png>
Package luatex.def Info: chapters/probability/03_equiprobability_combinatorics_bayesian_files/figure-pdf/unnamed-chunk-4-1.png  used on input line 3741.
(luatex.def)             Requested size: 353.34865pt x 218.23485pt.

Underfull \vbox (badness 3657) has occurred while \output is active []

[56] [57<./chapters/probability/03_equiprobability_combinatorics_bayesian_files/figure-pdf/unnamed-chunk-4-1.png>]
<chapters/probability/03_equiprobability_combinatorics_bayesian_files/figure-pdf/unnamed-chunk-6-1.png, id=472, 505.89pt x 312.4473pt>
File: chapters/probability/03_equiprobability_combinatorics_bayesian_files/figure-pdf/unnamed-chunk-6-1.png Graphic file (type png)
<use chapters/probability/03_equiprobability_combinatorics_bayesian_files/figure-pdf/unnamed-chunk-6-1.png>
Package luatex.def Info: chapters/probability/03_equiprobability_combinatorics_bayesian_files/figure-pdf/unnamed-chunk-6-1.png  used on input line 3803.
(luatex.def)             Requested size: 374.87764pt x 231.53156pt.
[58<./chapters/probability/03_equiprobability_combinatorics_bayesian_files/figure-pdf/unnamed-chunk-6-1.png>]
Underfull \hbox (badness 1810) in paragraph at lines 3931--3934
[]\TU/LibertinusSerif(2)/b/n/10.95 Li-mi-ti del-l’e-qui-pro-ba-bi-li-tà in psi-co-lo-gia\TU/LibertinusSerif(2)/m/n/10.95 : IRT, bias di ri-spo-sta e va-ria-bi-li-tà
 []

[59]
Underfull \vbox (badness 10000) has occurred while \output is active []

[60]
Underfull \vbox (badness 10000) has occurred while \output is active []

[61]

Package tcolorbox Warning: The upper box part has become overfull on input line 4000.

[62]
chapter 4.

LaTeX Warning: Reference `sec-prob-interpretation' on page 63 undefined on input line 4052.


LaTeX Warning: Reference `sec-prob-axioms-coherence' on page 63 undefined on input line 4054.


LaTeX Warning: Reference `sec-equiprobability-combinatorics' on page 63 undefined on input line 4056.


LaTeX Warning: Reference `sec-apx-sets' on page 63 undefined on input line 4064.


LaTeX Warning: Reference `sec-apx-sums' on page 63 undefined on input line 4067.

[63


] [64]
<chapters/probability/04_conditional_prob_bayesian_files/figure-pdf/unnamed-chunk-2-1.png, id=523, 505.89pt x 312.4473pt>
File: chapters/probability/04_conditional_prob_bayesian_files/figure-pdf/unnamed-chunk-2-1.png Graphic file (type png)
<use chapters/probability/04_conditional_prob_bayesian_files/figure-pdf/unnamed-chunk-2-1.png>
Package luatex.def Info: chapters/probability/04_conditional_prob_bayesian_files/figure-pdf/unnamed-chunk-2-1.png  used on input line 4167.
(luatex.def)             Requested size: 374.87764pt x 231.53156pt.
[65<./chapters/probability/04_conditional_prob_bayesian_files/figure-pdf/unnamed-chunk-2-1.png>]
<chapters/probability/04_conditional_prob_bayesian_files/figure-pdf/unnamed-chunk-4-1.png, id=535, 505.89pt x 312.4473pt>
File: chapters/probability/04_conditional_prob_bayesian_files/figure-pdf/unnamed-chunk-4-1.png Graphic file (type png)
<use chapters/probability/04_conditional_prob_bayesian_files/figure-pdf/unnamed-chunk-4-1.png>
Package luatex.def Info: chapters/probability/04_conditional_prob_bayesian_files/figure-pdf/unnamed-chunk-4-1.png  used on input line 4283.
(luatex.def)             Requested size: 353.34865pt x 218.23485pt.
[66] [67<./chapters/probability/04_conditional_prob_bayesian_files/figure-pdf/unnamed-chunk-4-1.png>]
Missing character: There is no ∩ (U+2229) in font [lmmono10-regular]:!
Missing character: There is no ∩ (U+2229) in font [lmmono10-regular]:!
[68] [69
Missing character: There is no ∩ (U+2229) in font [lmmono10-regular]:!
Missing character: There is no ∩ (U+2229) in font [lmmono10-regular]:!
] [70]

Package longtable Warning: Column widths have changed
(longtable)                in none 5 on input line 4555.

<chapters/probability/04_conditional_prob_bayesian_files/figure-pdf/unnamed-chunk-7-1.png, id=582, 505.89pt x 312.4473pt>
File: chapters/probability/04_conditional_prob_bayesian_files/figure-pdf/unnamed-chunk-7-1.png Graphic file (type png)
<use chapters/probability/04_conditional_prob_bayesian_files/figure-pdf/unnamed-chunk-7-1.png>
Package luatex.def Info: chapters/probability/04_conditional_prob_bayesian_files/figure-pdf/unnamed-chunk-7-1.png  used on input line 4655.
(luatex.def)             Requested size: 353.34865pt x 218.23485pt.

Underfull \vbox (badness 1184) has occurred while \output is active []

[71] [72]
warning  (pdf backend): ignoring duplicate destination with the name 'subsection.4.6.1'

Underfull \vbox (badness 10000) has occurred while \output is active []

[73<./chapters/probability/04_conditional_prob_bayesian_files/figure-pdf/unnamed-chunk-7-1.png>]
warning  (pdf backend): ignoring duplicate destination with the name 'subsection.4.6.2'

LaTeX Warning: Reference `sec-prob-bayes-theorem' on page 74 undefined on input line 4831.

[74] [75] [76] [77]
Missing character: There is no ∩ (U+2229) in font [lmmono10-regular]:!
Missing character: There is no ∩ (U+2229) in font [lmmono10-regular]:!
Missing character: There is no ∩ (U+2229) in font [lmmono10-regular]:!
Missing character: There is no ∩ (U+2229) in font [lmmono10-regular]:!
Missing character: There is no ⊥ (U+22A5) in font [lmmono10-regular]:!
Missing character: There is no ⊥ (U+22A5) in font [lmmono10-regular]:!

Underfull \vbox (badness 10000) has occurred while \output is active []

[78]
Underfull \vbox (badness 10000) has occurred while \output is active []

[79
Missing character: There is no ∩ (U+2229) in font [lmmono10-regular]:!
Missing character: There is no ∩ (U+2229) in font [lmmono10-regular]:!
Missing character: There is no ⊥ (U+22A5) in font [lmmono10-regular]:!
]
Underfull \vbox (badness 10000) has occurred while \output is active []

[80]

Package tcolorbox Warning: The upper box part has become overfull on input line 5443.

[81]
chapter 5.

LaTeX Warning: Reference `sec-prob-interpretation' on page 82 undefined on input line 5454.


LaTeX Warning: Reference `sec-prob-axioms-coherence' on page 82 undefined on input line 5456.


LaTeX Warning: Reference `sec-equiprobability-combinatorics' on page 82 undefined on input line 5458.


LaTeX Warning: Reference `sec-prob-conditional-prob' on page 82 undefined on input line 5460.


LaTeX Warning: Reference `sec-prob-interpretation' on page 82 undefined on input line 5494.


LaTeX Warning: Reference `sec-prob-axioms-coherence' on page 82 undefined on input line 5496.


LaTeX Warning: Reference `sec-equiprobability-combinatorics' on page 82 undefined on input line 5498.


LaTeX Warning: Reference `sec-prob-conditional-prob' on page 82 undefined on input line 5500.


LaTeX Warning: Reference `sec-apx-sets' on page 82 undefined on input line 5508.


LaTeX Warning: Reference `sec-apx-sums' on page 82 undefined on input line 5510.


LaTeX Warning: Citation `ref-chivers2024everything' on page 82 undefined on input line 5520.

[82


] [83] [84] [85] [86]
LaTeX Font Info:    Font shape `TU/LibertinusSerif(2)/b/n' will be
(Font)              scaled to size 7.665pt on input line 5870.
LaTeX Font Info:    Font shape `TU/LibertinusSerif(2)/b/n' will be
(Font)              scaled to size 5.475pt on input line 5870.

Package longtable Warning: Column widths have changed
(longtable)                in none 7 on input line 5896.

[87] [88] [89]
<chapters/probability/05_bayes_theorem_files/figure-pdf/fig-base-rate-1.png, id=801, 505.89pt x 312.4473pt>
File: chapters/probability/05_bayes_theorem_files/figure-pdf/fig-base-rate-1.png Graphic file (type png)
<use chapters/probability/05_bayes_theorem_files/figure-pdf/fig-base-rate-1.png>
Package luatex.def Info: chapters/probability/05_bayes_theorem_files/figure-pdf/fig-base-rate-1.png  used on input line 6039.
(luatex.def)             Requested size: 374.87764pt x 231.53156pt.
[90<./chapters/probability/05_bayes_theorem_files/figure-pdf/fig-base-rate-1.png>]
<chapters/probability/05_bayes_theorem_files/figure-pdf/fig-sequential-adhd-1.png, id=808, 505.89pt x 312.4473pt>
File: chapters/probability/05_bayes_theorem_files/figure-pdf/fig-sequential-adhd-1.png Graphic file (type png)
<use chapters/probability/05_bayes_theorem_files/figure-pdf/fig-sequential-adhd-1.png>
Package luatex.def Info: chapters/probability/05_bayes_theorem_files/figure-pdf/fig-sequential-adhd-1.png  used on input line 6138.
(luatex.def)             Requested size: 353.34865pt x 218.23485pt.

Underfull \vbox (badness 10000) has occurred while \output is active []

[91]
Underfull \vbox (badness 10000) has occurred while \output is active []

[92<./chapters/probability/05_bayes_theorem_files/figure-pdf/fig-sequential-adhd-1.png>] [93] [94]
<chapters/probability/05_bayes_theorem_files/figure-pdf/fig-beta-update-1.png, id=839, 505.89pt x 312.4473pt>
File: chapters/probability/05_bayes_theorem_files/figure-pdf/fig-beta-update-1.png Graphic file (type png)
<use chapters/probability/05_bayes_theorem_files/figure-pdf/fig-beta-update-1.png>
Package luatex.def Info: chapters/probability/05_bayes_theorem_files/figure-pdf/fig-beta-update-1.png  used on input line 6323.
(luatex.def)             Requested size: 374.87764pt x 231.53156pt.

Underfull \vbox (badness 1622) has occurred while \output is active []

[95<./chapters/probability/05_bayes_theorem_files/figure-pdf/fig-beta-update-1.png>]
Missing character: There is no θ (U+03B8) in font [lmmono10-regular]:!
<chapters/probability/05_bayes_theorem_files/figure-pdf/fig-credible-interval-1.png, id=846, 505.89pt x 312.4473pt>
File: chapters/probability/05_bayes_theorem_files/figure-pdf/fig-credible-interval-1.png Graphic file (type png)
<use chapters/probability/05_bayes_theorem_files/figure-pdf/fig-credible-interval-1.png>
Package luatex.def Info: chapters/probability/05_bayes_theorem_files/figure-pdf/fig-credible-interval-1.png  used on input line 6370.
(luatex.def)             Requested size: 374.87764pt x 231.53156pt.
[96
Missing character: There is no θ (U+03B8) in font [lmmono10-regular]:!
<./chapters/probability/05_bayes_theorem_files/figure-pdf/fig-credible-interval-1.png>]
warning  (pdf backend): ignoring duplicate destination with the name 'subsection.5.8.1'

warning  (pdf backend): ignoring duplicate destination with the name 'subsection.5.8.2'

warning  (pdf backend): ignoring duplicate destination with the name 'subsection.5.8.3'

LaTeX Warning: Reference `sec-prob-random-var' on page 97 undefined on input line 6522.

[97]
Underfull \vbox (badness 10000) has occurred while \output is active []

[98]
Underfull \vbox (badness 10000) has occurred while \output is active []

[99]

Package tcolorbox Warning: The upper box part has become overfull on input line 6588.

[100] [101

]
part II.
Package scrkbase Info: You've told me to use the font selection of the element
(scrkbase)             `partprefix' that is an alias of element `partnumber'
(scrkbase)              on input line 6594.
[102

]
chapter 6.

LaTeX Warning: Reference `sec-prob-interpretation' on page 103 undefined on input line 6651.


LaTeX Warning: Reference `sec-prob-axioms-coherence' on page 103 undefined on input line 6653.


LaTeX Warning: Reference `sec-equiprobability-combinatorics' on page 103 undefined on input line 6655.


LaTeX Warning: Reference `sec-prob-conditional-prob' on page 103 undefined on input line 6657.


LaTeX Warning: Reference `sec-prob-bayes-theorem' on page 103 undefined on input line 6659.


LaTeX Warning: Reference `sec-apx-calculus' on page 103 undefined on input line 6667.


LaTeX Warning: Reference `sec-apx-sums' on page 103 undefined on input line 6670.

[103

] [104] [105]

Package longtable Warning: Column widths have changed
(longtable)                in none 8 on input line 6910.


Package longtable Warning: Column widths have changed
(longtable)                in none 9 on input line 6940.

[106] [107]
<chapters/probability/06_random_var_files/figure-pdf/unnamed-chunk-2-1.png, id=933, 505.89pt x 312.4473pt>
File: chapters/probability/06_random_var_files/figure-pdf/unnamed-chunk-2-1.png Graphic file (type png)
<use chapters/probability/06_random_var_files/figure-pdf/unnamed-chunk-2-1.png>
Package luatex.def Info: chapters/probability/06_random_var_files/figure-pdf/unnamed-chunk-2-1.png  used on input line 7110.
(luatex.def)             Requested size: 353.34865pt x 218.23485pt.
Missing character: There is no ≤ (U+2264) in font [lmmono10-regular]:!
Missing character: There is no ≤ (U+2264) in font [lmmono10-regular]:!
Missing character: There is no ≤ (U+2264) in font [lmmono10-regular]:!
Missing character: There is no ≤ (U+2264) in font [lmmono10-regular]:!
[108]
Underfull \vbox (badness 10000) has occurred while \output is active []

[109
Missing character: There is no ≤ (U+2264) in font [lmmono10-regular]:!
Missing character: There is no ≤ (U+2264) in font [lmmono10-regular]:!
Missing character: There is no ≤ (U+2264) in font [lmmono10-regular]:!
Missing character: There is no ≤ (U+2264) in font [lmmono10-regular]:!
<./chapters/probability/06_random_var_files/figure-pdf/unnamed-chunk-2-1.png>] [110]

Package longtable Warning: Column widths have changed
(longtable)                in none 10 on input line 7255.

[111] [112]
Underfull \vbox (badness 10000) has occurred while \output is active []

[113]
Underfull \vbox (badness 10000) has occurred while \output is active []

[114]

Package tcolorbox Warning: The upper box part has become overfull on input line 7490.

[115]
chapter 7.

LaTeX Warning: Reference `sec-prob-random-var' on page 116 undefined on input line 7498.


LaTeX Warning: Reference `sec-prob-random-var' on page 116 undefined on input line 7539.


LaTeX Warning: Reference `sec-apx-calculus' on page 116 undefined on input line 7550.


LaTeX Warning: Citation `ref-blitzstein2019introduction' on page 116 undefined on input line 7565.

[116


]

Package longtable Warning: Column widths have changed
(longtable)                in none 11 on input line 7654.

<chapters/probability/07_prob_distributions_files/figure-pdf/unnamed-chunk-2-1.png, id=1008, 505.89pt x 312.4473pt>
File: chapters/probability/07_prob_distributions_files/figure-pdf/unnamed-chunk-2-1.png Graphic file (type png)
<use chapters/probability/07_prob_distributions_files/figure-pdf/unnamed-chunk-2-1.png>
Package luatex.def Info: chapters/probability/07_prob_distributions_files/figure-pdf/unnamed-chunk-2-1.png  used on input line 7697.
(luatex.def)             Requested size: 353.34865pt x 218.23485pt.
[117] [118] [119<./chapters/probability/07_prob_distributions_files/figure-pdf/unnamed-chunk-2-1.png>] [120]
<chapters/probability/07_prob_distributions_files/figure-pdf/unnamed-chunk-3-1.png, id=1032, 505.89pt x 312.4473pt>
File: chapters/probability/07_prob_distributions_files/figure-pdf/unnamed-chunk-3-1.png Graphic file (type png)
<use chapters/probability/07_prob_distributions_files/figure-pdf/unnamed-chunk-3-1.png>
Package luatex.def Info: chapters/probability/07_prob_distributions_files/figure-pdf/unnamed-chunk-3-1.png  used on input line 7816.
(luatex.def)             Requested size: 374.87764pt x 231.53156pt.

Underfull \vbox (badness 10000) has occurred while \output is active []

[121] [122<./chapters/probability/07_prob_distributions_files/figure-pdf/unnamed-chunk-3-1.png>] [123] [124]
<chapters/probability/07_prob_distributions_files/figure-pdf/fig-cdf-comparison-1.png, id=1066, 722.7pt x 446.6286pt>
File: chapters/probability/07_prob_distributions_files/figure-pdf/fig-cdf-comparison-1.png Graphic file (type png)
<use chapters/probability/07_prob_distributions_files/figure-pdf/fig-cdf-comparison-1.png>
Package luatex.def Info: chapters/probability/07_prob_distributions_files/figure-pdf/fig-cdf-comparison-1.png  used on input line 8054.
(luatex.def)             Requested size: 374.86882pt x 231.66893pt.

Underfull \vbox (badness 10000) has occurred while \output is active []

[125]
Underfull \vbox (badness 10000) has occurred while \output is active []

[126<./chapters/probability/07_prob_distributions_files/figure-pdf/fig-cdf-comparison-1.png>] [127] [128]
Missing character: There is no θ (U+03B8) in font [lmmono10-regular]:!
<chapters/probability/07_prob_distributions_files/figure-pdf/fig-freq-vs-bayes-1.png, id=1092, 722.7pt x 446.6286pt>
File: chapters/probability/07_prob_distributions_files/figure-pdf/fig-freq-vs-bayes-1.png Graphic file (type png)
<use chapters/probability/07_prob_distributions_files/figure-pdf/fig-freq-vs-bayes-1.png>
Package luatex.def Info: chapters/probability/07_prob_distributions_files/figure-pdf/fig-freq-vs-bayes-1.png  used on input line 8286.
(luatex.def)             Requested size: 374.86882pt x 231.66893pt.

Underfull \vbox (badness 10000) has occurred while \output is active []

[129
Missing character: There is no θ (U+03B8) in font [lmmono10-regular]:!
] [130<./chapters/probability/07_prob_distributions_files/figure-pdf/fig-freq-vs-bayes-1.png>]

LaTeX Warning: Reference `sec-prob-random-var-properties' on page 131 undefined on input line 8506.

[131]

Package longtable Warning: Column widths have changed
(longtable)                in none 12 on input line 8554.


Package longtable Warning: Column widths have changed
(longtable)                in none 13 on input line 8582.


Underfull \vbox (badness 10000) has occurred while \output is active []

[132] [133] [134]
Missing character: There is no μ (U+03BC) in font [lmmono10-regular]:!
Missing character: There is no σ (U+03C3) in font [lmmono10-regular]:!
Missing character: There is no μ (U+03BC) in font [lmmono10-regular]:!
Missing character: There is no σ (U+03C3) in font [lmmono10-regular]:!
Missing character: There is no μ (U+03BC) in font [lmmono10-regular]:!
Missing character: There is no σ (U+03C3) in font [lmmono10-regular]:!
Missing character: There is no μ (U+03BC) in font [lmmono10-regular]:!
Missing character: There is no σ (U+03C3) in font [lmmono10-regular]:!

Underfull \vbox (badness 10000) has occurred while \output is active []

[135] [136]
Underfull \vbox (badness 10000) has occurred while \output is active []

[137
Missing character: There is no μ (U+03BC) in font [lmmono10-regular]:!
Missing character: There is no σ (U+03C3) in font [lmmono10-regular]:!
Missing character: There is no μ (U+03BC) in font [lmmono10-regular]:!
Missing character: There is no σ (U+03C3) in font [lmmono10-regular]:!
Missing character: There is no μ (U+03BC) in font [lmmono10-regular]:!
Missing character: There is no σ (U+03C3) in font [lmmono10-regular]:!
Missing character: There is no μ (U+03BC) in font [lmmono10-regular]:!
Missing character: There is no σ (U+03C3) in font [lmmono10-regular]:!
]
Underfull \vbox (badness 10000) has occurred while \output is active []

[138]

Package tcolorbox Warning: The upper box part has become overfull on input line 8934.

[139] [140

]
chapter 8.

LaTeX Warning: Reference `sec-prob-random-var' on page 141 undefined on input line 8999.


LaTeX Warning: Reference `sec-prob-distr' on page 141 undefined on input line 9001.


LaTeX Warning: Reference `sec-apx-sums' on page 141 undefined on input line 9012.


LaTeX Warning: Reference `sec-apx-calculus' on page 141 undefined on input line 9015.

[141

] [142]

Package longtable Warning: Column widths have changed
(longtable)                in none 14 on input line 9142.


! LaTeX Error: \symbballowed only in math mode.

See the LaTeX manual or LaTeX Companion for explanation.
Type  H <return>  for immediate help.
 ...                                              
                                                  
l.9153 \$\$ \mathbb
                 {E}{[}X{]} = \mathbb{E}{[}S\_1{]} + \mathbb{E}{[}S\_2{]} =

Here is how much of LuaTeX's memory you used:
 47152 strings out of 475704
 244186,1977958 words of node,token memory allocated
 67443 words of node memory still in use:
   94 hlist, 6 vlist, 21 rule, 2 mark, 167 disc, 12 local_par, 18 dir, 12 math, 309 glue, 69 kern, 29 penalty, 7 margin_kern, 998 glyph, 20268 attribute, 92 glue_spec, 6767 attribute_list, 2 temp, 2 write, 1 user_defined, 2 pdf_dest, 7 pdf_colorstack nodes
   avail lists: 1:16,2:32374,3:1260,4:999,5:749,6:174,7:10214,8:63,9:1222,10:33,11:1437,12:1
 68295 multiletter control sequences out of 65536+600000
 147 fonts using 54998191 bytes
 108i,20n,122p,11226b,1352s stack positions out of 10000i,1000n,20000p,200000b,200000s
!  ==> Fatal error occurred, no output PDF file produced!
